month,indicator,value,unit,revision,source
2000-01-01,cpo_stock,629381,tonnes,bepi,Malaysian Palm Oil Board (MPOB) monthly industry release
2000-01-01,processed_po_stock,330481,tonnes,bepi,Malaysian Palm Oil Board (MPOB) monthly industry release
2000-01-01,total_po_stock,959862,tonnes,bepi,Malaysian Palm Oil Board (MPOB) monthly industry release
2000-02-01,cpo_stock,574161,tonnes,bepi,Malaysian Palm Oil Board (MPOB) monthly industry release
2000-02-01,processed_po_stock,333590,tonnes,bepi,Malaysian Palm Oil Board (MPOB) monthly industry release
2000-02-01,total_po_stock,907751,tonnes,bepi,Malaysian Palm Oil Board (MPOB) monthly industry release
2000-03-01,cpo_stock,466016,tonnes,bepi,Malaysian Palm Oil Board (MPOB) monthly industry release
2000-03-01,processed_po_stock,289099,tonnes,bepi,Malaysian Palm Oil Board (MPOB) monthly industry release
2000-03-01,total_po_stock,755115,tonnes,bepi,Malaysian Palm Oil Board (MPOB) monthly industry release
2000-04-01,cpo_stock,425810,tonnes,bepi,Malaysian Palm Oil Board (MPOB) monthly industry release
2000-04-01,processed_po_stock,336787,tonnes,bepi,Malaysian Palm Oil Board (MPOB) monthly industry release
2000-04-01,total_po_stock,762597,tonnes,bepi,Malaysian Palm Oil Board (MPOB) monthly industry release
2000-05-01,cpo_stock,470869,tonnes,bepi,Malaysian Palm Oil Board (MPOB) monthly industry release
2000-05-01,processed_po_stock,367020,tonnes,bepi,Malaysian Palm Oil Board (MPOB) monthly industry release
2000-05-01,total_po_stock,837889,tonnes,bepi,Malaysian Palm Oil Board (MPOB) monthly industry release
2000-06-01,cpo_stock,438989,tonnes,bepi,Malaysian Palm Oil Board (MPOB) monthly industry release
2000-06-01,processed_po_stock,359403,tonnes,bepi,Malaysian Palm Oil Board (MPOB) monthly industry release
2000-06-01,total_po_stock,798392,tonnes,bepi,Malaysian Palm Oil Board (MPOB) monthly industry release
2000-07-01,cpo_stock,488022,tonnes,bepi,Malaysian Palm Oil Board (MPOB) monthly industry release
2000-07-01,processed_po_stock,347375,tonnes,bepi,Malaysian Palm Oil Board (MPOB) monthly industry release
2000-07-01,total_po_stock,835397,tonnes,bepi,Malaysian Palm Oil Board (MPOB) monthly industry release
2000-08-01,cpo_stock,578886,tonnes,bepi,Malaysian Palm Oil Board (MPOB) monthly industry release
2000-08-01,processed_po_stock,349785,tonnes,bepi,Malaysian Palm Oil Board (MPOB) monthly industry release
2000-08-01,total_po_stock,928671,tonnes,bepi,Malaysian Palm Oil Board (MPOB) monthly industry release
2000-09-01,cpo_stock,731871,tonnes,bepi,Malaysian Palm Oil Board (MPOB) monthly industry release
2000-09-01,processed_po_stock,327849,tonnes,bepi,Malaysian Palm Oil Board (MPOB) monthly industry release
2000-09-01,total_po_stock,1059720,tonnes,bepi,Malaysian Palm Oil Board (MPOB) monthly industry release
2000-10-01,cpo_stock,769700,tonnes,bepi,Malaysian Palm Oil Board (MPOB) monthly industry release
2000-10-01,processed_po_stock,350258,tonnes,bepi,Malaysian Palm Oil Board (MPOB) monthly industry release
2000-10-01,total_po_stock,1119958,tonnes,bepi,Malaysian Palm Oil Board (MPOB) monthly industry release
2000-11-01,cpo_stock,1013725,tonnes,bepi,Malaysian Palm Oil Board (MPOB) monthly industry release
2000-11-01,processed_po_stock,499598,tonnes,bepi,Malaysian Palm Oil Board (MPOB) monthly industry release
2000-11-01,total_po_stock,1513323,tonnes,bepi,Malaysian Palm Oil Board (MPOB) monthly industry release
2000-12-01,cpo_stock,902929,tonnes,bepi,Malaysian Palm Oil Board (MPOB) monthly industry release
2000-12-01,processed_po_stock,508250,tonnes,bepi,Malaysian Palm Oil Board (MPOB) monthly industry release
2000-12-01,total_po_stock,1411179,tonnes,bepi,Malaysian Palm Oil Board (MPOB) monthly industry release
2001-01-01,cpo_stock,995556,tonnes,bepi,Malaysian Palm Oil Board (MPOB) monthly industry release
2001-01-01,processed_po_stock,523539,tonnes,bepi,Malaysian Palm Oil Board (MPOB) monthly industry release
2001-01-01,total_po_stock,1519095,tonnes,bepi,Malaysian Palm Oil Board (MPOB) monthly industry release
2001-02-01,cpo_stock,985379,tonnes,bepi,Malaysian Palm Oil Board (MPOB) monthly industry release
2001-02-01,processed_po_stock,507468,tonnes,bepi,Malaysian Palm Oil Board (MPOB) monthly industry release
2001-02-01,total_po_stock,1492847,tonnes,bepi,Malaysian Palm Oil Board (MPOB) monthly industry release
2001-03-01,cpo_stock,800623,tonnes,bepi,Malaysian Palm Oil Board (MPOB) monthly industry release
2001-03-01,processed_po_stock,449878,tonnes,bepi,Malaysian Palm Oil Board (MPOB) monthly industry release
2001-03-01,total_po_stock,1250501,tonnes,bepi,Malaysian Palm Oil Board (MPOB) monthly industry release
2001-04-01,cpo_stock,736640,tonnes,bepi,Malaysian Palm Oil Board (MPOB) monthly industry release
2001-04-01,processed_po_stock,452494,tonnes,bepi,Malaysian Palm Oil Board (MPOB) monthly industry release
2001-04-01,total_po_stock,1189134,tonnes,bepi,Malaysian Palm Oil Board (MPOB) monthly industry release
2001-05-01,cpo_stock,717688,tonnes,bepi,Malaysian Palm Oil Board (MPOB) monthly industry release
2001-05-01,processed_po_stock,468186,tonnes,bepi,Malaysian Palm Oil Board (MPOB) monthly industry release
2001-05-01,total_po_stock,1185874,tonnes,bepi,Malaysian Palm Oil Board (MPOB) monthly industry release
2001-06-01,cpo_stock,596261,tonnes,bepi,Malaysian Palm Oil Board (MPOB) monthly industry release
2001-06-01,processed_po_stock,435282,tonnes,bepi,Malaysian Palm Oil Board (MPOB) monthly industry release
2001-06-01,total_po_stock,1031543,tonnes,bepi,Malaysian Palm Oil Board (MPOB) monthly industry release
2001-07-01,cpo_stock,449639,tonnes,bepi,Malaysian Palm Oil Board (MPOB) monthly industry release
2001-07-01,processed_po_stock,455314,tonnes,bepi,Malaysian Palm Oil Board (MPOB) monthly industry release
2001-07-01,total_po_stock,904953,tonnes,bepi,Malaysian Palm Oil Board (MPOB) monthly industry release
2001-08-01,cpo_stock,454648,tonnes,bepi,Malaysian Palm Oil Board (MPOB) monthly industry release
2001-08-01,processed_po_stock,435766,tonnes,bepi,Malaysian Palm Oil Board (MPOB) monthly industry release
2001-08-01,total_po_stock,890414,tonnes,bepi,Malaysian Palm Oil Board (MPOB) monthly industry release
2001-09-01,cpo_stock,647964,tonnes,bepi,Malaysian Palm Oil Board (MPOB) monthly industry release
2001-09-01,processed_po_stock,567925,tonnes,bepi,Malaysian Palm Oil Board (MPOB) monthly industry release
2001-09-01,total_po_stock,1215889,tonnes,bepi,Malaysian Palm Oil Board (MPOB) monthly industry release
2001-10-01,cpo_stock,777811,tonnes,bepi,Malaysian Palm Oil Board (MPOB) monthly industry release
2001-10-01,processed_po_stock,559628,tonnes,bepi,Malaysian Palm Oil Board (MPOB) monthly industry release
2001-10-01,total_po_stock,1337439,tonnes,bepi,Malaysian Palm Oil Board (MPOB) monthly industry release
2001-11-01,cpo_stock,748895,tonnes,bepi,Malaysian Palm Oil Board (MPOB) monthly industry release
2001-11-01,processed_po_stock,545632,tonnes,bepi,Malaysian Palm Oil Board (MPOB) monthly industry release
2001-11-01,total_po_stock,1294527,tonnes,bepi,Malaysian Palm Oil Board (MPOB) monthly industry release
2001-12-01,cpo_stock,734365,tonnes,bepi,Malaysian Palm Oil Board (MPOB) monthly industry release
2001-12-01,processed_po_stock,479206,tonnes,bepi,Malaysian Palm Oil Board (MPOB) monthly industry release
2001-12-01,total_po_stock,1213571,tonnes,bepi,Malaysian Palm Oil Board (MPOB) monthly industry release
2002-01-01,cpo_stock,692288,tonnes,bepi,Malaysian Palm Oil Board (MPOB) monthly industry release
2002-01-01,processed_po_stock,559159,tonnes,bepi,Malaysian Palm Oil Board (MPOB) monthly industry release
2002-01-01,total_po_stock,1251447,tonnes,bepi,Malaysian Palm Oil Board (MPOB) monthly industry release
2002-02-01,cpo_stock,744222,tonnes,bepi,Malaysian Palm Oil Board (MPOB) monthly industry release
2002-02-01,processed_po_stock,543470,tonnes,bepi,Malaysian Palm Oil Board (MPOB) monthly industry release
2002-02-01,total_po_stock,1287692,tonnes,bepi,Malaysian Palm Oil Board (MPOB) monthly industry release
2002-03-01,cpo_stock,646987,tonnes,bepi,Malaysian Palm Oil Board (MPOB) monthly industry release
2002-03-01,processed_po_stock,524367,tonnes,bepi,Malaysian Palm Oil Board (MPOB) monthly industry release
2002-03-01,total_po_stock,1171354,tonnes,bepi,Malaysian Palm Oil Board (MPOB) monthly industry release
2002-04-01,cpo_stock,543705,tonnes,bepi,Malaysian Palm Oil Board (MPOB) monthly industry release
2002-04-01,processed_po_stock,515187,tonnes,bepi,Malaysian Palm Oil Board (MPOB) monthly industry release
2002-04-01,total_po_stock,1058892,tonnes,bepi,Malaysian Palm Oil Board (MPOB) monthly industry release
2002-05-01,cpo_stock,506839,tonnes,bepi,Malaysian Palm Oil Board (MPOB) monthly industry release
2002-05-01,processed_po_stock,422890,tonnes,bepi,Malaysian Palm Oil Board (MPOB) monthly industry release
2002-05-01,total_po_stock,929729,tonnes,bepi,Malaysian Palm Oil Board (MPOB) monthly industry release
2002-06-01,cpo_stock,449276,tonnes,bepi,Malaysian Palm Oil Board (MPOB) monthly industry release
2002-06-01,processed_po_stock,463719,tonnes,bepi,Malaysian Palm Oil Board (MPOB) monthly industry release
2002-06-01,total_po_stock,912995,tonnes,bepi,Malaysian Palm Oil Board (MPOB) monthly industry release
2002-07-01,cpo_stock,488854,tonnes,bepi,Malaysian Palm Oil Board (MPOB) monthly industry release
2002-07-01,processed_po_stock,454276,tonnes,bepi,Malaysian Palm Oil Board (MPOB) monthly industry release
2002-07-01,total_po_stock,943130,tonnes,bepi,Malaysian Palm Oil Board (MPOB) monthly industry release
2002-08-01,cpo_stock,583747,tonnes,bepi,Malaysian Palm Oil Board (MPOB) monthly industry release
2002-08-01,processed_po_stock,510630,tonnes,bepi,Malaysian Palm Oil Board (MPOB) monthly industry release
2002-08-01,total_po_stock,1094377,tonnes,bepi,Malaysian Palm Oil Board (MPOB) monthly industry release
2002-09-01,cpo_stock,651731,tonnes,bepi,Malaysian Palm Oil Board (MPOB) monthly industry release
2002-09-01,processed_po_stock,497432,tonnes,bepi,Malaysian Palm Oil Board (MPOB) monthly industry release
2002-09-01,total_po_stock,1149163,tonnes,bepi,Malaysian Palm Oil Board (MPOB) monthly industry release
2002-10-01,cpo_stock,698188,tonnes,bepi,Malaysian Palm Oil Board (MPOB) monthly industry release
2002-10-01,processed_po_stock,512105,tonnes,bepi,Malaysian Palm Oil Board (MPOB) monthly industry release
2002-10-01,total_po_stock,1210293,tonnes,bepi,Malaysian Palm Oil Board (MPOB) monthly industry release
2002-11-01,cpo_stock,676585,tonnes,bepi,Malaysian Palm Oil Board (MPOB) monthly industry release
2002-11-01,processed_po_stock,562125,tonnes,bepi,Malaysian Palm Oil Board (MPOB) monthly industry release
2002-11-01,total_po_stock,1238710,tonnes,bepi,Malaysian Palm Oil Board (MPOB) monthly industry release
2002-12-01,cpo_stock,589035,tonnes,bepi,Malaysian Palm Oil Board (MPOB) monthly industry release
2002-12-01,processed_po_stock,547408,tonnes,bepi,Malaysian Palm Oil Board (MPOB) monthly industry release
2002-12-01,total_po_stock,1136443,tonnes,bepi,Malaysian Palm Oil Board (MPOB) monthly industry release
2003-01-01,cpo_stock,528682,tonnes,bepi,Malaysian Palm Oil Board (MPOB) monthly industry release
2003-01-01,processed_po_stock,570556,tonnes,bepi,Malaysian Palm Oil Board (MPOB) monthly industry release
2003-01-01,total_po_stock,1099238,tonnes,bepi,Malaysian Palm Oil Board (MPOB) monthly industry release
2003-02-01,cpo_stock,493988,tonnes,bepi,Malaysian Palm Oil Board (MPOB) monthly industry release
2003-02-01,processed_po_stock,613204,tonnes,bepi,Malaysian Palm Oil Board (MPOB) monthly industry release
2003-02-01,total_po_stock,1107192,tonnes,bepi,Malaysian Palm Oil Board (MPOB) monthly industry release
2003-03-01,cpo_stock,499321,tonnes,bepi,Malaysian Palm Oil Board (MPOB) monthly industry release
2003-03-01,processed_po_stock,511616,tonnes,bepi,Malaysian Palm Oil Board (MPOB) monthly industry release
2003-03-01,total_po_stock,1010937,tonnes,bepi,Malaysian Palm Oil Board (MPOB) monthly industry release
2003-04-01,cpo_stock,474483,tonnes,bepi,Malaysian Palm Oil Board (MPOB) monthly industry release
2003-04-01,processed_po_stock,503450,tonnes,bepi,Malaysian Palm Oil Board (MPOB) monthly industry release
2003-04-01,total_po_stock,977933,tonnes,bepi,Malaysian Palm Oil Board (MPOB) monthly industry release
2003-05-01,cpo_stock,431186,tonnes,bepi,Malaysian Palm Oil Board (MPOB) monthly industry release
2003-05-01,processed_po_stock,517123,tonnes,bepi,Malaysian Palm Oil Board (MPOB) monthly industry release
2003-05-01,total_po_stock,948309,tonnes,bepi,Malaysian Palm Oil Board (MPOB) monthly industry release
2003-06-01,cpo_stock,463755,tonnes,bepi,Malaysian Palm Oil Board (MPOB) monthly industry release
2003-06-01,processed_po_stock,531526,tonnes,bepi,Malaysian Palm Oil Board (MPOB) monthly industry release
2003-06-01,total_po_stock,995281,tonnes,bepi,Malaysian Palm Oil Board (MPOB) monthly industry release
2003-07-01,cpo_stock,494869,tonnes,bepi,Malaysian Palm Oil Board (MPOB) monthly industry release
2003-07-01,processed_po_stock,522121,tonnes,bepi,Malaysian Palm Oil Board (MPOB) monthly industry release
2003-07-01,total_po_stock,1016990,tonnes,bepi,Malaysian Palm Oil Board (MPOB) monthly industry release
2003-08-01,cpo_stock,502755,tonnes,bepi,Malaysian Palm Oil Board (MPOB) monthly industry release
2003-08-01,processed_po_stock,513046,tonnes,bepi,Malaysian Palm Oil Board (MPOB) monthly industry release
2003-08-01,total_po_stock,1015801,tonnes,bepi,Malaysian Palm Oil Board (MPOB) monthly industry release
2003-09-01,cpo_stock,456328,tonnes,bepi,Malaysian Palm Oil Board (MPOB) monthly industry release
2003-09-01,processed_po_stock,518947,tonnes,bepi,Malaysian Palm Oil Board (MPOB) monthly industry release
2003-09-01,total_po_stock,975275,tonnes,bepi,Malaysian Palm Oil Board (MPOB) monthly industry release
2003-10-01,cpo_stock,405400,tonnes,bepi,Malaysian Palm Oil Board (MPOB) monthly industry release
2003-10-01,processed_po_stock,470493,tonnes,bepi,Malaysian Palm Oil Board (MPOB) monthly industry release
2003-10-01,total_po_stock,875893,tonnes,bepi,Malaysian Palm Oil Board (MPOB) monthly industry release
2003-11-01,cpo_stock,463959,tonnes,bepi,Malaysian Palm Oil Board (MPOB) monthly industry release
2003-11-01,processed_po_stock,456315,tonnes,bepi,Malaysian Palm Oil Board (MPOB) monthly industry release
2003-11-01,total_po_stock,920274,tonnes,bepi,Malaysian Palm Oil Board (MPOB) monthly industry release
2003-12-01,cpo_stock,594081,tonnes,bepi,Malaysian Palm Oil Board (MPOB) monthly industry release
2003-12-01,processed_po_stock,572462,tonnes,bepi,Malaysian Palm Oil Board (MPOB) monthly industry release
2003-12-01,total_po_stock,1166543,tonnes,bepi,Malaysian Palm Oil Board (MPOB) monthly industry release
2004-01-01,cpo_stock,537836,tonnes,bepi,Malaysian Palm Oil Board (MPOB) monthly industry release
2004-01-01,processed_po_stock,524564,tonnes,bepi,Malaysian Palm Oil Board (MPOB) monthly industry release
2004-01-01,total_po_stock,1062400,tonnes,bepi,Malaysian Palm Oil Board (MPOB) monthly industry release
2004-02-01,cpo_stock,466429,tonnes,bepi,Malaysian Palm Oil Board (MPOB) monthly industry release
2004-02-01,processed_po_stock,520412,tonnes,bepi,Malaysian Palm Oil Board (MPOB) monthly industry release
2004-02-01,total_po_stock,986841,tonnes,bepi,Malaysian Palm Oil Board (MPOB) monthly industry release
2004-03-01,cpo_stock,400474,tonnes,bepi,Malaysian Palm Oil Board (MPOB) monthly industry release
2004-03-01,processed_po_stock,557792,tonnes,bepi,Malaysian Palm Oil Board (MPOB) monthly industry release
2004-03-01,total_po_stock,958266,tonnes,bepi,Malaysian Palm Oil Board (MPOB) monthly industry release
2004-04-01,cpo_stock,442846,tonnes,bepi,Malaysian Palm Oil Board (MPOB) monthly industry release
2004-04-01,processed_po_stock,560184,tonnes,bepi,Malaysian Palm Oil Board (MPOB) monthly industry release
2004-04-01,total_po_stock,1003030,tonnes,bepi,Malaysian Palm Oil Board (MPOB) monthly industry release
2004-05-01,cpo_stock,504469,tonnes,bepi,Malaysian Palm Oil Board (MPOB) monthly industry release
2004-05-01,processed_po_stock,542936,tonnes,bepi,Malaysian Palm Oil Board (MPOB) monthly industry release
2004-05-01,total_po_stock,1047405,tonnes,bepi,Malaysian Palm Oil Board (MPOB) monthly industry release
2004-06-01,cpo_stock,579947,tonnes,bepi,Malaysian Palm Oil Board (MPOB) monthly industry release
2004-06-01,processed_po_stock,631877,tonnes,bepi,Malaysian Palm Oil Board (MPOB) monthly industry release
2004-06-01,total_po_stock,1211824,tonnes,bepi,Malaysian Palm Oil Board (MPOB) monthly industry release
2004-07-01,cpo_stock,670129,tonnes,bepi,Malaysian Palm Oil Board (MPOB) monthly industry release
2004-07-01,processed_po_stock,623242,tonnes,bepi,Malaysian Palm Oil Board (MPOB) monthly industry release
2004-07-01,total_po_stock,1293371,tonnes,bepi,Malaysian Palm Oil Board (MPOB) monthly industry release
2004-08-01,cpo_stock,617071,tonnes,bepi,Malaysian Palm Oil Board (MPOB) monthly industry release
2004-08-01,processed_po_stock,643482,tonnes,bepi,Malaysian Palm Oil Board (MPOB) monthly industry release
2004-08-01,total_po_stock,1260553,tonnes,bepi,Malaysian Palm Oil Board (MPOB) monthly industry release
2004-09-01,cpo_stock,781162,tonnes,bepi,Malaysian Palm Oil Board (MPOB) monthly industry release
2004-09-01,processed_po_stock,552060,tonnes,bepi,Malaysian Palm Oil Board (MPOB) monthly industry release
2004-09-01,total_po_stock,1333222,tonnes,bepi,Malaysian Palm Oil Board (MPOB) monthly industry release
2004-10-01,cpo_stock,755587,tonnes,bepi,Malaysian Palm Oil Board (MPOB) monthly industry release
2004-10-01,processed_po_stock,608520,tonnes,bepi,Malaysian Palm Oil Board (MPOB) monthly industry release
2004-10-01,total_po_stock,1364107,tonnes,bepi,Malaysian Palm Oil Board (MPOB) monthly industry release
2004-11-01,cpo_stock,889113,tonnes,bepi,Malaysian Palm Oil Board (MPOB) monthly industry release
2004-11-01,processed_po_stock,538945,tonnes,bepi,Malaysian Palm Oil Board (MPOB) monthly industry release
2004-11-01,total_po_stock,1428058,tonnes,bepi,Malaysian Palm Oil Board (MPOB) monthly industry release
2004-12-01,cpo_stock,890781,tonnes,bepi,Malaysian Palm Oil Board (MPOB) monthly industry release
2004-12-01,processed_po_stock,599007,tonnes,bepi,Malaysian Palm Oil Board (MPOB) monthly industry release
2004-12-01,total_po_stock,1489788,tonnes,bepi,Malaysian Palm Oil Board (MPOB) monthly industry release
2005-01-01,cpo_stock,839114,tonnes,bepi,Malaysian Palm Oil Board (MPOB) monthly industry release
2005-01-01,processed_po_stock,674902,tonnes,bepi,Malaysian Palm Oil Board (MPOB) monthly industry release
2005-01-01,total_po_stock,1514016,tonnes,bepi,Malaysian Palm Oil Board (MPOB) monthly industry release
2005-02-01,cpo_stock,872455,tonnes,bepi,Malaysian Palm Oil Board (MPOB) monthly industry release
2005-02-01,processed_po_stock,664452,tonnes,bepi,Malaysian Palm Oil Board (MPOB) monthly industry release
2005-02-01,total_po_stock,1536907,tonnes,bepi,Malaysian Palm Oil Board (MPOB) monthly industry release
2005-03-01,cpo_stock,737758,tonnes,bepi,Malaysian Palm Oil Board (MPOB) monthly industry release
2005-03-01,processed_po_stock,699735,tonnes,bepi,Malaysian Palm Oil Board (MPOB) monthly industry release
2005-03-01,total_po_stock,1437493,tonnes,bepi,Malaysian Palm Oil Board (MPOB) monthly industry release
2005-04-01,cpo_stock,808599,tonnes,bepi,Malaysian Palm Oil Board (MPOB) monthly industry release
2005-04-01,processed_po_stock,680229,tonnes,bepi,Malaysian Palm Oil Board (MPOB) monthly industry release
2005-04-01,total_po_stock,1488828,tonnes,bepi,Malaysian Palm Oil Board (MPOB) monthly industry release
2005-05-01,cpo_stock,701918,tonnes,bepi,Malaysian Palm Oil Board (MPOB) monthly industry release
2005-05-01,processed_po_stock,593391,tonnes,bepi,Malaysian Palm Oil Board (MPOB) monthly industry release
2005-05-01,total_po_stock,1295309,tonnes,bepi,Malaysian Palm Oil Board (MPOB) monthly industry release
2005-06-01,cpo_stock,591666,tonnes,bepi,Malaysian Palm Oil Board (MPOB) monthly industry release
2005-06-01,processed_po_stock,595078,tonnes,bepi,Malaysian Palm Oil Board (MPOB) monthly industry release
2005-06-01,total_po_stock,1186744,tonnes,bepi,Malaysian Palm Oil Board (MPOB) monthly industry release
2005-07-01,cpo_stock,653992,tonnes,bepi,Malaysian Palm Oil Board (MPOB) monthly industry release
2005-07-01,processed_po_stock,620842,tonnes,bepi,Malaysian Palm Oil Board (MPOB) monthly industry release
2005-07-01,total_po_stock,1274834,tonnes,bepi,Malaysian Palm Oil Board (MPOB) monthly industry release
2005-08-01,cpo_stock,670970,tonnes,bepi,Malaysian Palm Oil Board (MPOB) monthly industry release
2005-08-01,processed_po_stock,681361,tonnes,bepi,Malaysian Palm Oil Board (MPOB) monthly industry release
2005-08-01,total_po_stock,1352331,tonnes,bepi,Malaysian Palm Oil Board (MPOB) monthly industry release
2005-09-01,cpo_stock,787900,tonnes,bepi,Malaysian Palm Oil Board (MPOB) monthly industry release
2005-09-01,processed_po_stock,648535,tonnes,bepi,Malaysian Palm Oil Board (MPOB) monthly industry release
2005-09-01,total_po_stock,1436435,tonnes,bepi,Malaysian Palm Oil Board (MPOB) monthly industry release
2005-10-01,cpo_stock,838723,tonnes,bepi,Malaysian Palm Oil Board (MPOB) monthly industry release
2005-10-01,processed_po_stock,657949,tonnes,bepi,Malaysian Palm Oil Board (MPOB) monthly industry release
2005-10-01,total_po_stock,1496672,tonnes,bepi,Malaysian Palm Oil Board (MPOB) monthly industry release
2005-11-01,cpo_stock,917713,tonnes,bepi,Malaysian Palm Oil Board (MPOB) monthly industry release
2005-11-01,processed_po_stock,683466,tonnes,bepi,Malaysian Palm Oil Board (MPOB) monthly industry release
2005-11-01,total_po_stock,1601179,tonnes,bepi,Malaysian Palm Oil Board (MPOB) monthly industry release
2005-12-01,cpo_stock,892838,tonnes,bepi,Malaysian Palm Oil Board (MPOB) monthly industry release
2005-12-01,processed_po_stock,710963,tonnes,bepi,Malaysian Palm Oil Board (MPOB) monthly industry release
2005-12-01,total_po_stock,1603801,tonnes,bepi,Malaysian Palm Oil Board (MPOB) monthly industry release
2006-01-01,cpo_stock,866353,tonnes,bepi,Malaysian Palm Oil Board (MPOB) monthly industry release
2006-01-01,processed_po_stock,675454,tonnes,bepi,Malaysian Palm Oil Board (MPOB) monthly industry release
2006-01-01,total_po_stock,1541807,tonnes,bepi,Malaysian Palm Oil Board (MPOB) monthly industry release
2006-02-01,cpo_stock,979709,tonnes,bepi,Malaysian Palm Oil Board (MPOB) monthly industry release
2006-02-01,processed_po_stock,668090,tonnes,bepi,Malaysian Palm Oil Board (MPOB) monthly industry release
2006-02-01,total_po_stock,1647799,tonnes,bepi,Malaysian Palm Oil Board (MPOB) monthly industry release
2006-03-01,cpo_stock,918019,tonnes,bepi,Malaysian Palm Oil Board (MPOB) monthly industry release
2006-03-01,processed_po_stock,670713,tonnes,bepi,Malaysian Palm Oil Board (MPOB) monthly industry release
2006-03-01,total_po_stock,1588732,tonnes,bepi,Malaysian Palm Oil Board (MPOB) monthly industry release
2006-04-01,cpo_stock,911674,tonnes,bepi,Malaysian Palm Oil Board (MPOB) monthly industry release
2006-04-01,processed_po_stock,607603,tonnes,bepi,Malaysian Palm Oil Board (MPOB) monthly industry release
2006-04-01,total_po_stock,1519277,tonnes,bepi,Malaysian Palm Oil Board (MPOB) monthly industry release
2006-05-01,cpo_stock,966816,tonnes,bepi,Malaysian Palm Oil Board (MPOB) monthly industry release
2006-05-01,processed_po_stock,607981,tonnes,bepi,Malaysian Palm Oil Board (MPOB) monthly industry release
2006-05-01,total_po_stock,1574797,tonnes,bepi,Malaysian Palm Oil Board (MPOB) monthly industry release
2006-06-01,cpo_stock,940112,tonnes,bepi,Malaysian Palm Oil Board (MPOB) monthly industry release
2006-06-01,processed_po_stock,707816,tonnes,bepi,Malaysian Palm Oil Board (MPOB) monthly industry release
2006-06-01,total_po_stock,1647928,tonnes,bepi,Malaysian Palm Oil Board (MPOB) monthly industry release
2006-07-01,cpo_stock,899046,tonnes,bepi,Malaysian Palm Oil Board (MPOB) monthly industry release
2006-07-01,processed_po_stock,682327,tonnes,bepi,Malaysian Palm Oil Board (MPOB) monthly industry release
2006-07-01,total_po_stock,1581373,tonnes,bepi,Malaysian Palm Oil Board (MPOB) monthly industry release
2006-08-01,cpo_stock,1030733,tonnes,bepi,Malaysian Palm Oil Board (MPOB) monthly industry release
2006-08-01,processed_po_stock,653773,tonnes,bepi,Malaysian Palm Oil Board (MPOB) monthly industry release
2006-08-01,total_po_stock,1684506,tonnes,bepi,Malaysian Palm Oil Board (MPOB) monthly industry release
2006-09-01,cpo_stock,1129870,tonnes,bepi,Malaysian Palm Oil Board (MPOB) monthly industry release
2006-09-01,processed_po_stock,669686,tonnes,bepi,Malaysian Palm Oil Board (MPOB) monthly industry release
2006-09-01,total_po_stock,1799556,tonnes,bepi,Malaysian Palm Oil Board (MPOB) monthly industry release
2006-10-01,cpo_stock,1009074,tonnes,bepi,Malaysian Palm Oil Board (MPOB) monthly industry release
2006-10-01,processed_po_stock,584775,tonnes,bepi,Malaysian Palm Oil Board (MPOB) monthly industry release
2006-10-01,total_po_stock,1593849,tonnes,bepi,Malaysian Palm Oil Board (MPOB) monthly industry release
2006-11-01,cpo_stock,1102679,tonnes,bepi,Malaysian Palm Oil Board (MPOB) monthly industry release
2006-11-01,processed_po_stock,572053,tonnes,bepi,Malaysian Palm Oil Board (MPOB) monthly industry release
2006-11-01,total_po_stock,1674732,tonnes,bepi,Malaysian Palm Oil Board (MPOB) monthly industry release
2006-12-01,cpo_stock,878551,tonnes,bepi,Malaysian Palm Oil Board (MPOB) monthly industry release
2006-12-01,processed_po_stock,628035,tonnes,bepi,Malaysian Palm Oil Board (MPOB) monthly industry release
2006-12-01,total_po_stock,1506586,tonnes,bepi,Malaysian Palm Oil Board (MPOB) monthly industry release
2007-01-01,cpo_stock,858947,tonnes,bepi,Malaysian Palm Oil Board (MPOB) monthly industry release
2007-01-01,processed_po_stock,615626,tonnes,bepi,Malaysian Palm Oil Board (MPOB) monthly industry release
2007-01-01,total_po_stock,1474573,tonnes,bepi,Malaysian Palm Oil Board (MPOB) monthly industry release
2007-02-01,cpo_stock,904629,tonnes,bepi,Malaysian Palm Oil Board (MPOB) monthly industry release
2007-02-01,processed_po_stock,589748,tonnes,bepi,Malaysian Palm Oil Board (MPOB) monthly industry release
2007-02-01,total_po_stock,1494377,tonnes,bepi,Malaysian Palm Oil Board (MPOB) monthly industry release
2007-03-01,cpo_stock,663901,tonnes,bepi,Malaysian Palm Oil Board (MPOB) monthly industry release
2007-03-01,processed_po_stock,673608,tonnes,bepi,Malaysian Palm Oil Board (MPOB) monthly industry release
2007-03-01,total_po_stock,1337509,tonnes,bepi,Malaysian Palm Oil Board (MPOB) monthly industry release
2007-04-01,cpo_stock,534343,tonnes,bepi,Malaysian Palm Oil Board (MPOB) monthly industry release
2007-04-01,processed_po_stock,655686,tonnes,bepi,Malaysian Palm Oil Board (MPOB) monthly industry release
2007-04-01,total_po_stock,1190029,tonnes,bepi,Malaysian Palm Oil Board (MPOB) monthly industry release
2007-05-01,cpo_stock,492149,tonnes,bepi,Malaysian Palm Oil Board (MPOB) monthly industry release
2007-05-01,processed_po_stock,625454,tonnes,bepi,Malaysian Palm Oil Board (MPOB) monthly industry release
2007-05-01,total_po_stock,1117603,tonnes,bepi,Malaysian Palm Oil Board (MPOB) monthly industry release
2007-06-01,cpo_stock,515804,tonnes,bepi,Malaysian Palm Oil Board (MPOB) monthly industry release
2007-06-01,processed_po_stock,684206,tonnes,bepi,Malaysian Palm Oil Board (MPOB) monthly industry release
2007-06-01,total_po_stock,1200010,tonnes,bepi,Malaysian Palm Oil Board (MPOB) monthly industry release
2007-07-01,cpo_stock,577139,tonnes,bepi,Malaysian Palm Oil Board (MPOB) monthly industry release
2007-07-01,processed_po_stock,730193,tonnes,bepi,Malaysian Palm Oil Board (MPOB) monthly industry release
2007-07-01,total_po_stock,1307332,tonnes,bepi,Malaysian Palm Oil Board (MPOB) monthly industry release
2007-08-01,cpo_stock,724681,tonnes,bepi,Malaysian Palm Oil Board (MPOB) monthly industry release
2007-08-01,processed_po_stock,727416,tonnes,bepi,Malaysian Palm Oil Board (MPOB) monthly industry release
2007-08-01,total_po_stock,1452097,tonnes,bepi,Malaysian Palm Oil Board (MPOB) monthly industry release
2007-09-01,cpo_stock,744263,tonnes,bepi,Malaysian Palm Oil Board (MPOB) monthly industry release
2007-09-01,processed_po_stock,717267,tonnes,bepi,Malaysian Palm Oil Board (MPOB) monthly industry release
2007-09-01,total_po_stock,1461530,tonnes,bepi,Malaysian Palm Oil Board (MPOB) monthly industry release
2007-10-01,cpo_stock,782579,tonnes,bepi,Malaysian Palm Oil Board (MPOB) monthly industry release
2007-10-01,processed_po_stock,775746,tonnes,bepi,Malaysian Palm Oil Board (MPOB) monthly industry release
2007-10-01,total_po_stock,1558325,tonnes,bepi,Malaysian Palm Oil Board (MPOB) monthly industry release
2007-11-01,cpo_stock,976607,tonnes,bepi,Malaysian Palm Oil Board (MPOB) monthly industry release
2007-11-01,processed_po_stock,833928,tonnes,bepi,Malaysian Palm Oil Board (MPOB) monthly industry release
2007-11-01,total_po_stock,1810535,tonnes,bepi,Malaysian Palm Oil Board (MPOB) monthly industry release
2007-12-01,cpo_stock,926979,tonnes,bepi,Malaysian Palm Oil Board (MPOB) monthly industry release
2007-12-01,processed_po_stock,755288,tonnes,bepi,Malaysian Palm Oil Board (MPOB) monthly industry release
2007-12-01,total_po_stock,1682267,tonnes,bepi,Malaysian Palm Oil Board (MPOB) monthly industry release
2008-01-01,cpo_stock,985775,tonnes,bepi,Malaysian Palm Oil Board (MPOB) monthly industry release
2008-01-01,processed_po_stock,887005,tonnes,bepi,Malaysian Palm Oil Board (MPOB) monthly industry release
2008-01-01,total_po_stock,1872780,tonnes,bepi,Malaysian Palm Oil Board (MPOB) monthly industry release
2008-02-01,cpo_stock,974295,tonnes,bepi,Malaysian Palm Oil Board (MPOB) monthly industry release
2008-02-01,processed_po_stock,953254,tonnes,bepi,Malaysian Palm Oil Board (MPOB) monthly industry release
2008-02-01,total_po_stock,1927549,tonnes,bepi,Malaysian Palm Oil Board (MPOB) monthly industry release
2008-03-01,cpo_stock,987056,tonnes,bepi,Malaysian Palm Oil Board (MPOB) monthly industry release
2008-03-01,processed_po_stock,837397,tonnes,bepi,Malaysian Palm Oil Board (MPOB) monthly industry release
2008-03-01,total_po_stock,1824453,tonnes,bepi,Malaysian Palm Oil Board (MPOB) monthly industry release
2008-04-01,cpo_stock,944715,tonnes,bepi,Malaysian Palm Oil Board (MPOB) monthly industry release
2008-04-01,processed_po_stock,845084,tonnes,bepi,Malaysian Palm Oil Board (MPOB) monthly industry release
2008-04-01,total_po_stock,1789799,tonnes,bepi,Malaysian Palm Oil Board (MPOB) monthly industry release
2008-05-01,cpo_stock,938884,tonnes,bepi,Malaysian Palm Oil Board (MPOB) monthly industry release
2008-05-01,processed_po_stock,974476,tonnes,bepi,Malaysian Palm Oil Board (MPOB) monthly industry release
2008-05-01,total_po_stock,1913360,tonnes,bepi,Malaysian Palm Oil Board (MPOB) monthly industry release
2008-06-01,cpo_stock,956472,tonnes,bepi,Malaysian Palm Oil Board (MPOB) monthly industry release
2008-06-01,processed_po_stock,1077442,tonnes,bepi,Malaysian Palm Oil Board (MPOB) monthly industry release
2008-06-01,total_po_stock,2033914,tonnes,bepi,Malaysian Palm Oil Board (MPOB) monthly industry release
2008-07-01,cpo_stock,1050398,tonnes,bepi,Malaysian Palm Oil Board (MPOB) monthly industry release
2008-07-01,processed_po_stock,926999,tonnes,bepi,Malaysian Palm Oil Board (MPOB) monthly industry release
2008-07-01,total_po_stock,1977397,tonnes,bepi,Malaysian Palm Oil Board (MPOB) monthly industry release
2008-08-01,cpo_stock,1019525,tonnes,bepi,Malaysian Palm Oil Board (MPOB) monthly industry release
2008-08-01,processed_po_stock,829263,tonnes,bepi,Malaysian Palm Oil Board (MPOB) monthly industry release
2008-08-01,total_po_stock,1848788,tonnes,bepi,Malaysian Palm Oil Board (MPOB) monthly industry release
2008-09-01,cpo_stock,1089790,tonnes,bepi,Malaysian Palm Oil Board (MPOB) monthly industry release
2008-09-01,processed_po_stock,861609,tonnes,bepi,Malaysian Palm Oil Board (MPOB) monthly industry release
2008-09-01,total_po_stock,1951399,tonnes,bepi,Malaysian Palm Oil Board (MPOB) monthly industry release
2008-10-01,cpo_stock,1225785,tonnes,bepi,Malaysian Palm Oil Board (MPOB) monthly industry release
2008-10-01,processed_po_stock,865622,tonnes,bepi,Malaysian Palm Oil Board (MPOB) monthly industry release
2008-10-01,total_po_stock,2091407,tonnes,bepi,Malaysian Palm Oil Board (MPOB) monthly industry release
2008-11-01,cpo_stock,1425687,tonnes,bepi,Malaysian Palm Oil Board (MPOB) monthly industry release
2008-11-01,processed_po_stock,840469,tonnes,bepi,Malaysian Palm Oil Board (MPOB) monthly industry release
2008-11-01,total_po_stock,2266156,tonnes,bepi,Malaysian Palm Oil Board (MPOB) monthly industry release
2008-12-01,cpo_stock,1168054,tonnes,bepi,Malaysian Palm Oil Board (MPOB) monthly industry release
2008-12-01,processed_po_stock,826656,tonnes,bepi,Malaysian Palm Oil Board (MPOB) monthly industry release
2008-12-01,total_po_stock,1994710,tonnes,bepi,Malaysian Palm Oil Board (MPOB) monthly industry release
2009-01-01,cpo_stock,1071170,tonnes,bepi,Malaysian Palm Oil Board (MPOB) monthly industry release
2009-01-01,processed_po_stock,761737,tonnes,bepi,Malaysian Palm Oil Board (MPOB) monthly industry release
2009-01-01,total_po_stock,1832907,tonnes,bepi,Malaysian Palm Oil Board (MPOB) monthly industry release
2009-02-01,cpo_stock,908000,tonnes,bepi,Malaysian Palm Oil Board (MPOB) monthly industry release
2009-02-01,processed_po_stock,657592,tonnes,bepi,Malaysian Palm Oil Board (MPOB) monthly industry release
2009-02-01,total_po_stock,1565592,tonnes,bepi,Malaysian Palm Oil Board (MPOB) monthly industry release
2009-03-01,cpo_stock,654213,tonnes,bepi,Malaysian Palm Oil Board (MPOB) monthly industry release
2009-03-01,processed_po_stock,711402,tonnes,bepi,Malaysian Palm Oil Board (MPOB) monthly industry release
2009-03-01,total_po_stock,1365615,tonnes,bepi,Malaysian Palm Oil Board (MPOB) monthly industry release
2009-04-01,cpo_stock,605810,tonnes,bepi,Malaysian Palm Oil Board (MPOB) monthly industry release
2009-04-01,processed_po_stock,686392,tonnes,bepi,Malaysian Palm Oil Board (MPOB) monthly industry release
2009-04-01,total_po_stock,1292202,tonnes,bepi,Malaysian Palm Oil Board (MPOB) monthly industry release
2009-05-01,cpo_stock,724534,tonnes,bepi,Malaysian Palm Oil Board (MPOB) monthly industry release
2009-05-01,processed_po_stock,646504,tonnes,bepi,Malaysian Palm Oil Board (MPOB) monthly industry release
2009-05-01,total_po_stock,1371038,tonnes,bepi,Malaysian Palm Oil Board (MPOB) monthly industry release
2009-06-01,cpo_stock,722864,tonnes,bepi,Malaysian Palm Oil Board (MPOB) monthly industry release
2009-06-01,processed_po_stock,687358,tonnes,bepi,Malaysian Palm Oil Board (MPOB) monthly industry release
2009-06-01,total_po_stock,1410222,tonnes,bepi,Malaysian Palm Oil Board (MPOB) monthly industry release
2009-07-01,cpo_stock,657789,tonnes,bepi,Malaysian Palm Oil Board (MPOB) monthly industry release
2009-07-01,processed_po_stock,674953,tonnes,bepi,Malaysian Palm Oil Board (MPOB) monthly industry release
2009-07-01,total_po_stock,1332742,tonnes,bepi,Malaysian Palm Oil Board (MPOB) monthly industry release
2009-08-01,cpo_stock,685647,tonnes,bepi,Malaysian Palm Oil Board (MPOB) monthly industry release
2009-08-01,processed_po_stock,730802,tonnes,bepi,Malaysian Palm Oil Board (MPOB) monthly industry release
2009-08-01,total_po_stock,1416449,tonnes,bepi,Malaysian Palm Oil Board (MPOB) monthly industry release
2009-09-01,cpo_stock,884828,tonnes,bepi,Malaysian Palm Oil Board (MPOB) monthly industry release
2009-09-01,processed_po_stock,694471,tonnes,bepi,Malaysian Palm Oil Board (MPOB) monthly industry release
2009-09-01,total_po_stock,1579299,tonnes,bepi,Malaysian Palm Oil Board (MPOB) monthly industry release
2009-10-01,cpo_stock,1188766,tonnes,bepi,Malaysian Palm Oil Board (MPOB) monthly industry release
2009-10-01,processed_po_stock,785760,tonnes,bepi,Malaysian Palm Oil Board (MPOB) monthly industry release
2009-10-01,total_po_stock,1974526,tonnes,bepi,Malaysian Palm Oil Board (MPOB) monthly industry release
2009-11-01,cpo_stock,1117619,tonnes,bepi,Malaysian Palm Oil Board (MPOB) monthly industry release
2009-11-01,processed_po_stock,816994,tonnes,bepi,Malaysian Palm Oil Board (MPOB) monthly industry release
2009-11-01,total_po_stock,1934613,tonnes,bepi,Malaysian Palm Oil Board (MPOB) monthly industry release
2009-12-01,cpo_stock,1197315,tonnes,bepi,Malaysian Palm Oil Board (MPOB) monthly industry release
2009-12-01,processed_po_stock,1041942,tonnes,bepi,Malaysian Palm Oil Board (MPOB) monthly industry release
2009-12-01,total_po_stock,2239257,tonnes,bepi,Malaysian Palm Oil Board (MPOB) monthly industry release
2010-01-01,cpo_stock,1133069,tonnes,bepi,Malaysian Palm Oil Board (MPOB) monthly industry release
2010-01-01,processed_po_stock,870937,tonnes,bepi,Malaysian Palm Oil Board (MPOB) monthly industry release
2010-01-01,total_po_stock,2004006,tonnes,bepi,Malaysian Palm Oil Board (MPOB) monthly industry release
2010-02-01,cpo_stock,935353,tonnes,bepi,Malaysian Palm Oil Board (MPOB) monthly industry release
2010-02-01,processed_po_stock,854889,tonnes,bepi,Malaysian Palm Oil Board (MPOB) monthly industry release
2010-02-01,total_po_stock,1790242,tonnes,bepi,Malaysian Palm Oil Board (MPOB) monthly industry release
2010-03-01,cpo_stock,850953,tonnes,bepi,Malaysian Palm Oil Board (MPOB) monthly industry release
2010-03-01,processed_po_stock,806606,tonnes,bepi,Malaysian Palm Oil Board (MPOB) monthly industry release
2010-03-01,total_po_stock,1657559,tonnes,bepi,Malaysian Palm Oil Board (MPOB) monthly industry release
2010-04-01,cpo_stock,844802,tonnes,bepi,Malaysian Palm Oil Board (MPOB) monthly industry release
2010-04-01,processed_po_stock,777801,tonnes,bepi,Malaysian Palm Oil Board (MPOB) monthly industry release
2010-04-01,total_po_stock,1622603,tonnes,bepi,Malaysian Palm Oil Board (MPOB) monthly industry release
2010-05-01,cpo_stock,814966,tonnes,bepi,Malaysian Palm Oil Board (MPOB) monthly industry release
2010-05-01,processed_po_stock,748772,tonnes,bepi,Malaysian Palm Oil Board (MPOB) monthly industry release
2010-05-01,total_po_stock,1563738,tonnes,bepi,Malaysian Palm Oil Board (MPOB) monthly industry release
2010-06-01,cpo_stock,717048,tonnes,bepi,Malaysian Palm Oil Board (MPOB) monthly industry release
2010-06-01,processed_po_stock,737469,tonnes,bepi,Malaysian Palm Oil Board (MPOB) monthly industry release
2010-06-01,total_po_stock,1454517,tonnes,bepi,Malaysian Palm Oil Board (MPOB) monthly industry release
2010-07-01,cpo_stock,738887,tonnes,bepi,Malaysian Palm Oil Board (MPOB) monthly industry release
2010-07-01,processed_po_stock,670365,tonnes,bepi,Malaysian Palm Oil Board (MPOB) monthly industry release
2010-07-01,total_po_stock,1409252,tonnes,bepi,Malaysian Palm Oil Board (MPOB) monthly industry release
2010-08-01,cpo_stock,783628,tonnes,bepi,Malaysian Palm Oil Board (MPOB) monthly industry release
2010-08-01,processed_po_stock,926107,tonnes,bepi,Malaysian Palm Oil Board (MPOB) monthly industry release
2010-08-01,total_po_stock,1709735,tonnes,bepi,Malaysian Palm Oil Board (MPOB) monthly industry release
2010-09-01,cpo_stock,930780,tonnes,bepi,Malaysian Palm Oil Board (MPOB) monthly industry release
2010-09-01,processed_po_stock,783146,tonnes,bepi,Malaysian Palm Oil Board (MPOB) monthly industry release
2010-09-01,total_po_stock,1713926,tonnes,bepi,Malaysian Palm Oil Board (MPOB) monthly industry release
2010-10-01,cpo_stock,970115,tonnes,bepi,Malaysian Palm Oil Board (MPOB) monthly industry release
2010-10-01,processed_po_stock,825921,tonnes,bepi,Malaysian Palm Oil Board (MPOB) monthly industry release
2010-10-01,total_po_stock,1796036,tonnes,bepi,Malaysian Palm Oil Board (MPOB) monthly industry release
2010-11-01,cpo_stock,865398,tonnes,bepi,Malaysian Palm Oil Board (MPOB) monthly industry release
2010-11-01,processed_po_stock,771766,tonnes,bepi,Malaysian Palm Oil Board (MPOB) monthly industry release
2010-11-01,total_po_stock,1637164,tonnes,bepi,Malaysian Palm Oil Board (MPOB) monthly industry release
2010-12-01,cpo_stock,710541,tonnes,bepi,Malaysian Palm Oil Board (MPOB) monthly industry release
2010-12-01,processed_po_stock,905696,tonnes,bepi,Malaysian Palm Oil Board (MPOB) monthly industry release
2010-12-01,total_po_stock,1616237,tonnes,bepi,Malaysian Palm Oil Board (MPOB) monthly industry release
2011-01-01,cpo_stock,625087,tonnes,bepi,Malaysian Palm Oil Board (MPOB) monthly industry release
2011-01-01,processed_po_stock,793369,tonnes,bepi,Malaysian Palm Oil Board (MPOB) monthly industry release
2011-01-01,total_po_stock,1418456,tonnes,bepi,Malaysian Palm Oil Board (MPOB) monthly industry release
2011-02-01,cpo_stock,789349,tonnes,bepi,Malaysian Palm Oil Board (MPOB) monthly industry release
2011-02-01,processed_po_stock,691820,tonnes,bepi,Malaysian Palm Oil Board (MPOB) monthly industry release
2011-02-01,total_po_stock,1481169,tonnes,bepi,Malaysian Palm Oil Board (MPOB) monthly industry release
2011-03-01,cpo_stock,918020,tonnes,bepi,Malaysian Palm Oil Board (MPOB) monthly industry release
2011-03-01,processed_po_stock,696165,tonnes,bepi,Malaysian Palm Oil Board (MPOB) monthly industry release
2011-03-01,total_po_stock,1614185,tonnes,bepi,Malaysian Palm Oil Board (MPOB) monthly industry release
2011-04-01,cpo_stock,943506,tonnes,bepi,Malaysian Palm Oil Board (MPOB) monthly industry release
2011-04-01,processed_po_stock,727286,tonnes,bepi,Malaysian Palm Oil Board (MPOB) monthly industry release
2011-04-01,total_po_stock,1670792,tonnes,bepi,Malaysian Palm Oil Board (MPOB) monthly industry release
2011-05-01,cpo_stock,1077801,tonnes,bepi,Malaysian Palm Oil Board (MPOB) monthly industry release
2011-05-01,processed_po_stock,844854,tonnes,bepi,Malaysian Palm Oil Board (MPOB) monthly industry release
2011-05-01,total_po_stock,1922655,tonnes,bepi,Malaysian Palm Oil Board (MPOB) monthly industry release
2011-06-01,cpo_stock,1092480,tonnes,bepi,Malaysian Palm Oil Board (MPOB) monthly industry release
2011-06-01,processed_po_stock,962228,tonnes,bepi,Malaysian Palm Oil Board (MPOB) monthly industry release
2011-06-01,total_po_stock,2054708,tonnes,bepi,Malaysian Palm Oil Board (MPOB) monthly industry release
2011-07-01,cpo_stock,1091813,tonnes,bepi,Malaysian Palm Oil Board (MPOB) monthly industry release
2011-07-01,processed_po_stock,916891,tonnes,bepi,Malaysian Palm Oil Board (MPOB) monthly industry release
2011-07-01,total_po_stock,2008704,tonnes,bepi,Malaysian Palm Oil Board (MPOB) monthly industry release
2011-08-01,cpo_stock,1005230,tonnes,bepi,Malaysian Palm Oil Board (MPOB) monthly industry release
2011-08-01,processed_po_stock,894583,tonnes,bepi,Malaysian Palm Oil Board (MPOB) monthly industry release
2011-08-01,total_po_stock,1899813,tonnes,bepi,Malaysian Palm Oil Board (MPOB) monthly industry release
2011-09-01,cpo_stock,1277378,tonnes,bepi,Malaysian Palm Oil Board (MPOB) monthly industry release
2011-09-01,processed_po_stock,885914,tonnes,bepi,Malaysian Palm Oil Board (MPOB) monthly industry release
2011-09-01,total_po_stock,2163292,tonnes,bepi,Malaysian Palm Oil Board (MPOB) monthly industry release
2011-10-01,cpo_stock,1283800,tonnes,bepi,Malaysian Palm Oil Board (MPOB) monthly industry release
2011-10-01,processed_po_stock,847957,tonnes,bepi,Malaysian Palm Oil Board (MPOB) monthly industry release
2011-10-01,total_po_stock,2131757,tonnes,bepi,Malaysian Palm Oil Board (MPOB) monthly industry release
2011-11-01,cpo_stock,1238900,tonnes,bepi,Malaysian Palm Oil Board (MPOB) monthly industry release
2011-11-01,processed_po_stock,857983,tonnes,bepi,Malaysian Palm Oil Board (MPOB) monthly industry release
2011-11-01,total_po_stock,2096883,tonnes,bepi,Malaysian Palm Oil Board (MPOB) monthly industry release
2011-12-01,cpo_stock,1066291,tonnes,bepi,Malaysian Palm Oil Board (MPOB) monthly industry release
2011-12-01,processed_po_stock,991005,tonnes,bepi,Malaysian Palm Oil Board (MPOB) monthly industry release
2011-12-01,total_po_stock,2057296,tonnes,bepi,Malaysian Palm Oil Board (MPOB) monthly industry release
2012-01-01,cpo_stock,1037012,tonnes,bepi,Malaysian Palm Oil Board (MPOB) monthly industry release
2012-01-01,processed_po_stock,983869,tonnes,bepi,Malaysian Palm Oil Board (MPOB) monthly industry release
2012-01-01,total_po_stock,2020881,tonnes,bepi,Malaysian Palm Oil Board (MPOB) monthly industry release
2012-02-01,cpo_stock,1048342,tonnes,bepi,Malaysian Palm Oil Board (MPOB) monthly industry release
2012-02-01,processed_po_stock,1013356,tonnes,bepi,Malaysian Palm Oil Board (MPOB) monthly industry release
2012-02-01,total_po_stock,2061698,tonnes,bepi,Malaysian Palm Oil Board (MPOB) monthly industry release
2012-03-01,cpo_stock,978844,tonnes,bepi,Malaysian Palm Oil Board (MPOB) monthly industry release
2012-03-01,processed_po_stock,978037,tonnes,bepi,Malaysian Palm Oil Board (MPOB) monthly industry release
2012-03-01,total_po_stock,1956881,tonnes,bepi,Malaysian Palm Oil Board (MPOB) monthly industry release
2012-04-01,cpo_stock,992899,tonnes,bepi,Malaysian Palm Oil Board (MPOB) monthly industry release
2012-04-01,processed_po_stock,857832,tonnes,bepi,Malaysian Palm Oil Board (MPOB) monthly industry release
2012-04-01,total_po_stock,1850731,tonnes,bepi,Malaysian Palm Oil Board (MPOB) monthly industry release
2012-05-01,cpo_stock,978911,tonnes,bepi,Malaysian Palm Oil Board (MPOB) monthly industry release
2012-05-01,processed_po_stock,806803,tonnes,bepi,Malaysian Palm Oil Board (MPOB) monthly industry release
2012-05-01,total_po_stock,1785714,tonnes,bepi,Malaysian Palm Oil Board (MPOB) monthly industry release
2012-06-01,cpo_stock,785769,tonnes,bepi,Malaysian Palm Oil Board (MPOB) monthly industry release
2012-06-01,processed_po_stock,913376,tonnes,bepi,Malaysian Palm Oil Board (MPOB) monthly industry release
2012-06-01,total_po_stock,1699145,tonnes,bepi,Malaysian Palm Oil Board (MPOB) monthly industry release
2012-07-01,cpo_stock,953679,tonnes,bepi,Malaysian Palm Oil Board (MPOB) monthly industry release
2012-07-01,processed_po_stock,1045414,tonnes,bepi,Malaysian Palm Oil Board (MPOB) monthly industry release
2012-07-01,total_po_stock,1999093,tonnes,bepi,Malaysian Palm Oil Board (MPOB) monthly industry release
2012-08-01,cpo_stock,1191489,tonnes,bepi,Malaysian Palm Oil Board (MPOB) monthly industry release
2012-08-01,processed_po_stock,921308,tonnes,bepi,Malaysian Palm Oil Board (MPOB) monthly industry release
2012-08-01,total_po_stock,2112797,tonnes,bepi,Malaysian Palm Oil Board (MPOB) monthly industry release
2012-09-01,cpo_stock,1606701,tonnes,bepi,Malaysian Palm Oil Board (MPOB) monthly industry release
2012-09-01,processed_po_stock,874289,tonnes,bepi,Malaysian Palm Oil Board (MPOB) monthly industry release
2012-09-01,total_po_stock,2480990,tonnes,bepi,Malaysian Palm Oil Board (MPOB) monthly industry release
2012-10-01,cpo_stock,1563656,tonnes,bepi,Malaysian Palm Oil Board (MPOB) monthly industry release
2012-10-01,processed_po_stock,941517,tonnes,bepi,Malaysian Palm Oil Board (MPOB) monthly industry release
2012-10-01,total_po_stock,2505173,tonnes,bepi,Malaysian Palm Oil Board (MPOB) monthly industry release
2012-11-01,cpo_stock,1667544,tonnes,bepi,Malaysian Palm Oil Board (MPOB) monthly industry release
2012-11-01,processed_po_stock,898201,tonnes,bepi,Malaysian Palm Oil Board (MPOB) monthly industry release
2012-11-01,total_po_stock,2565745,tonnes,bepi,Malaysian Palm Oil Board (MPOB) monthly industry release
2012-12-01,cpko_production,223969,tonnes,backfill-84,Malaysian Palm Oil Board (MPOB) monthly industry release
2012-12-01,cpo_import,54716,tonnes,backfill-84,Malaysian Palm Oil Board (MPOB) monthly industry release
2012-12-01,cpo_production,1780153,tonnes,backfill-84,Malaysian Palm Oil Board (MPOB) monthly industry release
2012-12-01,cpo_stock,1575103,tonnes,bepi,Malaysian Palm Oil Board (MPOB) monthly industry release
2012-12-01,pk_production,447608,tonnes,backfill-84,Malaysian Palm Oil Board (MPOB) monthly industry release
2012-12-01,pkc_production,249070,tonnes,backfill-84,Malaysian Palm Oil Board (MPOB) monthly industry release
2012-12-01,pko_stock,465964,tonnes,backfill-84,Malaysian Palm Oil Board (MPOB) monthly industry release
2012-12-01,po_export,1650192,tonnes,backfill-84,Malaysian Palm Oil Board (MPOB) monthly industry release
2012-12-01,po_import,87224,tonnes,backfill-84,Malaysian Palm Oil Board (MPOB) monthly industry release
2012-12-01,processed_po_stock,1052316,tonnes,bepi,Malaysian Palm Oil Board (MPOB) monthly industry release
2012-12-01,total_po_stock,2627419,tonnes,backfill-84,Malaysian Palm Oil Board (MPOB) monthly industry release
2013-01-01,cpko_production,199807,tonnes,backfill-84,Malaysian Palm Oil Board (MPOB) monthly industry release
2013-01-01,cpo_import,54781,tonnes,backfill-84,Malaysian Palm Oil Board (MPOB) monthly industry release
2013-01-01,cpo_production,1602493,tonnes,backfill-84,Malaysian Palm Oil Board (MPOB) monthly industry release
2013-01-01,cpo_stock,1545920,tonnes,bepi,Malaysian Palm Oil Board (MPOB) monthly industry release
2013-01-01,pk_production,413198,tonnes,backfill-84,Malaysian Palm Oil Board (MPOB) monthly industry release
2013-01-01,pkc_production,220897,tonnes,backfill-84,Malaysian Palm Oil Board (MPOB) monthly industry release
2013-01-01,pko_stock,466928,tonnes,backfill-84,Malaysian Palm Oil Board (MPOB) monthly industry release
2013-01-01,po_export,1635840,tonnes,backfill-84,Malaysian Palm Oil Board (MPOB) monthly industry release
2013-01-01,po_import,103816,tonnes,backfill-84,Malaysian Palm Oil Board (MPOB) monthly industry release
2013-01-01,processed_po_stock,1017425,tonnes,bepi,Malaysian Palm Oil Board (MPOB) monthly industry release
2013-01-01,total_po_stock,2563345,tonnes,backfill-84,Malaysian Palm Oil Board (MPOB) monthly industry release
2013-02-01,cpko_production,161188,tonnes,backfill-84,Malaysian Palm Oil Board (MPOB) monthly industry release
2013-02-01,cpo_import,58810,tonnes,backfill-84,Malaysian Palm Oil Board (MPOB) monthly industry release
2013-02-01,cpo_production,1296824,tonnes,backfill-84,Malaysian Palm Oil Board (MPOB) monthly industry release
2013-02-01,cpo_stock,1385908,tonnes,bepi,Malaysian Palm Oil Board (MPOB) monthly industry release
2013-02-01,pk_production,337622,tonnes,backfill-84,Malaysian Palm Oil Board (MPOB) monthly industry release
2013-02-01,pkc_production,178874,tonnes,backfill-84,Malaysian Palm Oil Board (MPOB) monthly industry release
2013-02-01,pko_stock,445916,tonnes,backfill-84,Malaysian Palm Oil Board (MPOB) monthly industry release
2013-02-01,po_export,1398727,tonnes,backfill-84,Malaysian Palm Oil Board (MPOB) monthly industry release
2013-02-01,po_import,97542,tonnes,backfill-84,Malaysian Palm Oil Board (MPOB) monthly industry release
2013-02-01,processed_po_stock,1039941,tonnes,bepi,Malaysian Palm Oil Board (MPOB) monthly industry release
2013-02-01,total_po_stock,2425849,tonnes,backfill-84,Malaysian Palm Oil Board (MPOB) monthly industry release
2013-03-01,cpko_production,176929,tonnes,backfill-84,Malaysian Palm Oil Board (MPOB) monthly industry release
2013-03-01,cpo_import,42433,tonnes,backfill-84,Malaysian Palm Oil Board (MPOB) monthly industry release
2013-03-01,cpo_production,1325101,tonnes,backfill-84,Malaysian Palm Oil Board (MPOB) monthly industry release
2013-03-01,cpo_stock,1235827,tonnes,bepi,Malaysian Palm Oil Board (MPOB) monthly industry release
2013-03-01,pk_production,339492,tonnes,backfill-84,Malaysian Palm Oil Board (MPOB) monthly industry release
2013-03-01,pkc_production,198094,tonnes,backfill-84,Malaysian Palm Oil Board (MPOB) monthly industry release
2013-03-01,pko_stock,455475,tonnes,backfill-84,Malaysian Palm Oil Board (MPOB) monthly industry release
2013-03-01,po_export,1536813,tonnes,backfill-84,Malaysian Palm Oil Board (MPOB) monthly industry release
2013-03-01,po_import,90204,tonnes,backfill-84,Malaysian Palm Oil Board (MPOB) monthly industry release
2013-03-01,processed_po_stock,924983,tonnes,bepi,Malaysian Palm Oil Board (MPOB) monthly industry release
2013-03-01,total_po_stock,2160810,tonnes,backfill-84,Malaysian Palm Oil Board (MPOB) monthly industry release
2013-04-01,cpko_production,157509,tonnes,backfill-84,Malaysian Palm Oil Board (MPOB) monthly industry release
2013-04-01,cpo_import,17949,tonnes,backfill-84,Malaysian Palm Oil Board (MPOB) monthly industry release
2013-04-01,cpo_production,1366544,tonnes,backfill-84,Malaysian Palm Oil Board (MPOB) monthly industry release
2013-04-01,cpo_stock,1115373,tonnes,bepi,Malaysian Palm Oil Board (MPOB) monthly industry release
2013-04-01,pk_production,342986,tonnes,backfill-84,Malaysian Palm Oil Board (MPOB) monthly industry release
2013-04-01,pkc_production,174237,tonnes,backfill-84,Malaysian Palm Oil Board (MPOB) monthly industry release
2013-04-01,pko_stock,408877,tonnes,backfill-84,Malaysian Palm Oil Board (MPOB) monthly industry release
2013-04-01,po_export,1455755,tonnes,backfill-84,Malaysian Palm Oil Board (MPOB) monthly industry release
2013-04-01,po_import,45362,tonnes,backfill-84,Malaysian Palm Oil Board (MPOB) monthly industry release
2013-04-01,processed_po_stock,798158,tonnes,bepi,Malaysian Palm Oil Board (MPOB) monthly industry release
2013-04-01,total_po_stock,1913531,tonnes,backfill-84,Malaysian Palm Oil Board (MPOB) monthly industry release
2013-05-01,cpko_production,161632,tonnes,backfill-84,Malaysian Palm Oil Board (MPOB) monthly industry release
2013-05-01,cpo_import,15815,tonnes,backfill-84,Malaysian Palm Oil Board (MPOB) monthly industry release
2013-05-01,cpo_production,1384330,tonnes,backfill-84,Malaysian Palm Oil Board (MPOB) monthly industry release
2013-05-01,cpo_stock,965346,tonnes,bepi,Malaysian Palm Oil Board (MPOB) monthly industry release
2013-05-01,pk_production,342902,tonnes,backfill-84,Malaysian Palm Oil Board (MPOB) monthly industry release
2013-05-01,pkc_production,179065,tonnes,backfill-84,Malaysian Palm Oil Board (MPOB) monthly industry release
2013-05-01,pko_stock,346703,tonnes,backfill-84,Malaysian Palm Oil Board (MPOB) monthly industry release
2013-05-01,po_export,1407869,tonnes,backfill-84,Malaysian Palm Oil Board (MPOB) monthly industry release
2013-05-01,po_import,47741,tonnes,backfill-84,Malaysian Palm Oil Board (MPOB) monthly industry release
2013-05-01,processed_po_stock,850995,tonnes,bepi,Malaysian Palm Oil Board (MPOB) monthly industry release
2013-05-01,total_po_stock,1816341,tonnes,backfill-84,Malaysian Palm Oil Board (MPOB) monthly industry release
2013-06-01,cpko_production,166075,tonnes,backfill-84,Malaysian Palm Oil Board (MPOB) monthly industry release
2013-06-01,cpo_import,5860,tonnes,backfill-84,Malaysian Palm Oil Board (MPOB) monthly industry release
2013-06-01,cpo_production,1416826,tonnes,backfill-84,Malaysian Palm Oil Board (MPOB) monthly industry release
2013-06-01,cpo_stock,848944,tonnes,bepi,Malaysian Palm Oil Board (MPOB) monthly industry release
2013-06-01,pk_production,349841,tonnes,backfill-84,Malaysian Palm Oil Board (MPOB) monthly industry release
2013-06-01,pkc_production,185273,tonnes,backfill-84,Malaysian Palm Oil Board (MPOB) monthly industry release
2013-06-01,pko_stock,323968,tonnes,backfill-84,Malaysian Palm Oil Board (MPOB) monthly industry release
2013-06-01,po_export,1410936,tonnes,backfill-84,Malaysian Palm Oil Board (MPOB) monthly industry release
2013-06-01,po_import,31987,tonnes,backfill-84,Malaysian Palm Oil Board (MPOB) monthly industry release
2013-06-01,processed_po_stock,798660,tonnes,bepi,Malaysian Palm Oil Board (MPOB) monthly industry release
2013-06-01,total_po_stock,1647604,tonnes,backfill-84,Malaysian Palm Oil Board (MPOB) monthly industry release
2013-07-01,cpko_production,179315,tonnes,backfill-84,Malaysian Palm Oil Board (MPOB) monthly industry release
2013-07-01,cpo_import,8151,tonnes,backfill-84,Malaysian Palm Oil Board (MPOB) monthly industry release
2013-07-01,cpo_production,1674852,tonnes,backfill-84,Malaysian Palm Oil Board (MPOB) monthly industry release
2013-07-01,cpo_stock,873852,tonnes,bepi,Malaysian Palm Oil Board (MPOB) monthly industry release
2013-07-01,pk_production,410361,tonnes,backfill-84,Malaysian Palm Oil Board (MPOB) monthly industry release
2013-07-01,pkc_production,199399,tonnes,backfill-84,Malaysian Palm Oil Board (MPOB) monthly industry release
2013-07-01,pko_stock,270066,tonnes,backfill-84,Malaysian Palm Oil Board (MPOB) monthly industry release
2013-07-01,po_export,1453447,tonnes,backfill-84,Malaysian Palm Oil Board (MPOB) monthly industry release
2013-07-01,po_import,50173,tonnes,backfill-84,Malaysian Palm Oil Board (MPOB) monthly industry release
2013-07-01,processed_po_stock,800406,tonnes,bepi,Malaysian Palm Oil Board (MPOB) monthly industry release
2013-07-01,total_po_stock,1674258,tonnes,backfill-84,Malaysian Palm Oil Board (MPOB) monthly industry release
2013-08-01,cpko_production,179838,tonnes,backfill-84,Malaysian Palm Oil Board (MPOB) monthly industry release
2013-08-01,cpo_import,6950,tonnes,backfill-84,Malaysian Palm Oil Board (MPOB) monthly industry release
2013-08-01,cpo_production,1735284,tonnes,backfill-84,Malaysian Palm Oil Board (MPOB) monthly industry release
2013-08-01,cpo_stock,997539,tonnes,bepi,Malaysian Palm Oil Board (MPOB) monthly industry release
2013-08-01,pk_production,437307,tonnes,backfill-84,Malaysian Palm Oil Board (MPOB) monthly industry release
2013-08-01,pkc_production,199155,tonnes,backfill-84,Malaysian Palm Oil Board (MPOB) monthly industry release
2013-08-01,pko_stock,264875,tonnes,backfill-84,Malaysian Palm Oil Board (MPOB) monthly industry release
2013-08-01,po_export,1526145,tonnes,backfill-84,Malaysian Palm Oil Board (MPOB) monthly industry release
2013-08-01,po_import,7533,tonnes,backfill-84,Malaysian Palm Oil Board (MPOB) monthly industry release
2013-08-01,processed_po_stock,670593,tonnes,bepi,Malaysian Palm Oil Board (MPOB) monthly industry release
2013-08-01,total_po_stock,1668132,tonnes,backfill-84,Malaysian Palm Oil Board (MPOB) monthly industry release
2013-09-01,cpko_production,224846,tonnes,backfill-84,Malaysian Palm Oil Board (MPOB) monthly industry release
2013-09-01,cpo_production,1912175,tonnes,backfill-84,Malaysian Palm Oil Board (MPOB) monthly industry release
2013-09-01,cpo_stock,966253,tonnes,bepi,Malaysian Palm Oil Board (MPOB) monthly industry release
2013-09-01,pk_production,494726,tonnes,backfill-84,Malaysian Palm Oil Board (MPOB) monthly industry release
2013-09-01,pkc_production,250991,tonnes,backfill-84,Malaysian Palm Oil Board (MPOB) monthly industry release
2013-09-01,pko_stock,284165,tonnes,backfill-84,Malaysian Palm Oil Board (MPOB) monthly industry release
2013-09-01,po_export,1609206,tonnes,backfill-84,Malaysian Palm Oil Board (MPOB) monthly industry release
2013-09-01,po_import,19483,tonnes,backfill-84,Malaysian Palm Oil Board (MPOB) monthly industry release
2013-09-01,processed_po_stock,817520,tonnes,bepi,Malaysian Palm Oil Board (MPOB) monthly industry release
2013-09-01,total_po_stock,1783773,tonnes,backfill-84,Malaysian Palm Oil Board (MPOB) monthly industry release
2013-10-01,cpko_production,230799,tonnes,backfill-84,Malaysian Palm Oil Board (MPOB) monthly industry release
2013-10-01,cpo_import,4016,tonnes,backfill-84,Malaysian Palm Oil Board (MPOB) monthly industry release
2013-10-01,cpo_production,1972278,tonnes,backfill-84,Malaysian Palm Oil Board (MPOB) monthly industry release
2013-10-01,cpo_stock,1037960,tonnes,bepi,Malaysian Palm Oil Board (MPOB) monthly industry release
2013-10-01,pk_production,496387,tonnes,backfill-84,Malaysian Palm Oil Board (MPOB) monthly industry release
2013-10-01,pkc_production,252764,tonnes,backfill-84,Malaysian Palm Oil Board (MPOB) monthly industry release
2013-10-01,pko_stock,265380,tonnes,backfill-84,Malaysian Palm Oil Board (MPOB) monthly industry release
2013-10-01,po_export,1664319,tonnes,backfill-84,Malaysian Palm Oil Board (MPOB) monthly industry release
2013-10-01,po_import,22503,tonnes,backfill-84,Malaysian Palm Oil Board (MPOB) monthly industry release
2013-10-01,processed_po_stock,807976,tonnes,bepi,Malaysian Palm Oil Board (MPOB) monthly industry release
2013-10-01,total_po_stock,1845936,tonnes,backfill-84,Malaysian Palm Oil Board (MPOB) monthly industry release
2013-11-01,cpko_production,218328,tonnes,backfill-84,Malaysian Palm Oil Board (MPOB) monthly industry release
2013-11-01,cpo_import,3602,tonnes,backfill-84,Malaysian Palm Oil Board (MPOB) monthly industry release
2013-11-01,cpo_production,1861084,tonnes,backfill-84,Malaysian Palm Oil Board (MPOB) monthly industry release
2013-11-01,cpo_stock,1131496,tonnes,bepi,Malaysian Palm Oil Board (MPOB) monthly industry release
2013-11-01,pk_production,468027,tonnes,backfill-84,Malaysian Palm Oil Board (MPOB) monthly industry release
2013-11-01,pkc_production,241604,tonnes,backfill-84,Malaysian Palm Oil Board (MPOB) monthly industry release
2013-11-01,pko_stock,298341,tonnes,backfill-84,Malaysian Palm Oil Board (MPOB) monthly industry release
2013-11-01,po_export,1528000,tonnes,backfill-84,Malaysian Palm Oil Board (MPOB) monthly industry release
2013-11-01,po_import,14859,tonnes,backfill-84,Malaysian Palm Oil Board (MPOB) monthly industry release
2013-11-01,processed_po_stock,847189,tonnes,bepi,Malaysian Palm Oil Board (MPOB) monthly industry release
2013-11-01,total_po_stock,1978685,tonnes,backfill-84,Malaysian Palm Oil Board (MPOB) monthly industry release
2013-12-01,cpko_production,213556,tonnes,backfill-84,Malaysian Palm Oil Board (MPOB) monthly industry release
2013-12-01,cpo_import,2318,tonnes,backfill-84,Malaysian Palm Oil Board (MPOB) monthly industry release
2013-12-01,cpo_production,1668668,tonnes,backfill-84,Malaysian Palm Oil Board (MPOB) monthly industry release
2013-12-01,cpo_stock,1118531,tonnes,bepi,Malaysian Palm Oil Board (MPOB) monthly industry release
2013-12-01,pk_production,426453,tonnes,backfill-84,Malaysian Palm Oil Board (MPOB) monthly industry release
2013-12-01,pkc_production,236311,tonnes,backfill-84,Malaysian Palm Oil Board (MPOB) monthly industry release
2013-12-01,pko_stock,293767,tonnes,backfill-84,Malaysian Palm Oil Board (MPOB) monthly industry release
2013-12-01,po_export,1519765,tonnes,backfill-84,Malaysian Palm Oil Board (MPOB) monthly industry release
2013-12-01,po_import,24574,tonnes,backfill-84,Malaysian Palm Oil Board (MPOB) monthly industry release
2013-12-01,processed_po_stock,868580,tonnes,bepi,Malaysian Palm Oil Board (MPOB) monthly industry release
2013-12-01,total_po_stock,1987111,tonnes,backfill-84,Malaysian Palm Oil Board (MPOB) monthly industry release
2014-01-01,cpko_production,182902,tonnes,backfill-84,Malaysian Palm Oil Board (MPOB) monthly industry release
2014-01-01,cpo_import,5828,tonnes,backfill-84,Malaysian Palm Oil Board (MPOB) monthly industry release
2014-01-01,cpo_production,1508980,tonnes,backfill-84,Malaysian Palm Oil Board (MPOB) monthly industry release
2014-01-01,cpo_stock,1071574,tonnes,bepi,Malaysian Palm Oil Board (MPOB) monthly industry release
2014-01-01,pk_production,387348,tonnes,backfill-84,Malaysian Palm Oil Board (MPOB) monthly industry release
2014-01-01,pkc_production,203051,tonnes,backfill-84,Malaysian Palm Oil Board (MPOB) monthly industry release
2014-01-01,pko_stock,274523,tonnes,backfill-84,Malaysian Palm Oil Board (MPOB) monthly industry release
2014-01-01,po_export,1367962,tonnes,backfill-84,Malaysian Palm Oil Board (MPOB) monthly industry release
2014-01-01,po_import,15782,tonnes,backfill-84,Malaysian Palm Oil Board (MPOB) monthly industry release
2014-01-01,processed_po_stock,863641,tonnes,bepi,Malaysian Palm Oil Board (MPOB) monthly industry release
2014-01-01,total_po_stock,1935215,tonnes,backfill-84,Malaysian Palm Oil Board (MPOB) monthly industry release
2014-02-01,cpko_production,164034,tonnes,backfill-84,Malaysian Palm Oil Board (MPOB) monthly industry release
2014-02-01,cpo_import,7817,tonnes,backfill-84,Malaysian Palm Oil Board (MPOB) monthly industry release
2014-02-01,cpo_production,1275812,tonnes,backfill-84,Malaysian Palm Oil Board (MPOB) monthly industry release
2014-02-01,cpo_stock,923011,tonnes,bepi,Malaysian Palm Oil Board (MPOB) monthly industry release
2014-02-01,pk_production,322104,tonnes,backfill-84,Malaysian Palm Oil Board (MPOB) monthly industry release
2014-02-01,pkc_production,180782,tonnes,backfill-84,Malaysian Palm Oil Board (MPOB) monthly industry release
2014-02-01,pko_stock,251610,tonnes,backfill-84,Malaysian Palm Oil Board (MPOB) monthly industry release
2014-02-01,po_export,1351441,tonnes,backfill-84,Malaysian Palm Oil Board (MPOB) monthly industry release
2014-02-01,po_import,8259,tonnes,backfill-84,Malaysian Palm Oil Board (MPOB) monthly industry release
2014-02-01,processed_po_stock,733920,tonnes,bepi,Malaysian Palm Oil Board (MPOB) monthly industry release
2014-02-01,total_po_stock,1656931,tonnes,backfill-84,Malaysian Palm Oil Board (MPOB) monthly industry release
2014-03-01,cpko_production,170828,tonnes,backfill-84,Malaysian Palm Oil Board (MPOB) monthly industry release
2014-03-01,cpo_import,9708,tonnes,backfill-84,Malaysian Palm Oil Board (MPOB) monthly industry release
2014-03-01,cpo_production,1497142,tonnes,backfill-84,Malaysian Palm Oil Board (MPOB) monthly industry release
2014-03-01,cpo_stock,866087,tonnes,bepi,Malaysian Palm Oil Board (MPOB) monthly industry release
2014-03-01,pk_production,386648,tonnes,backfill-84,Malaysian Palm Oil Board (MPOB) monthly industry release
2014-03-01,pkc_production,188887,tonnes,backfill-84,Malaysian Palm Oil Board (MPOB) monthly industry release
2014-03-01,pko_stock,259764,tonnes,backfill-84,Malaysian Palm Oil Board (MPOB) monthly industry release
2014-03-01,po_export,1245766,tonnes,backfill-84,Malaysian Palm Oil Board (MPOB) monthly industry release
2014-03-01,po_import,15140,tonnes,backfill-84,Malaysian Palm Oil Board (MPOB) monthly industry release
2014-03-01,processed_po_stock,822006,tonnes,bepi,Malaysian Palm Oil Board (MPOB) monthly industry release
2014-03-01,total_po_stock,1688093,tonnes,backfill-84,Malaysian Palm Oil Board (MPOB) monthly industry release
2014-04-01,cpko_production,177074,tonnes,backfill-84,Malaysian Palm Oil Board (MPOB) monthly industry release
2014-04-01,cpo_import,1999,tonnes,backfill-84,Malaysian Palm Oil Board (MPOB) monthly industry release
2014-04-01,cpo_production,1555777,tonnes,backfill-84,Malaysian Palm Oil Board (MPOB) monthly industry release
2014-04-01,cpo_stock,1003714,tonnes,bepi,Malaysian Palm Oil Board (MPOB) monthly industry release
2014-04-01,pk_production,389028,tonnes,backfill-84,Malaysian Palm Oil Board (MPOB) monthly industry release
2014-04-01,pkc_production,195163,tonnes,backfill-84,Malaysian Palm Oil Board (MPOB) monthly industry release
2014-04-01,pko_stock,273228,tonnes,backfill-84,Malaysian Palm Oil Board (MPOB) monthly industry release
2014-04-01,po_export,1268648,tonnes,backfill-84,Malaysian Palm Oil Board (MPOB) monthly industry release
2014-04-01,po_import,43059,tonnes,backfill-84,Malaysian Palm Oil Board (MPOB) monthly industry release
2014-04-01,processed_po_stock,762476,tonnes,bepi,Malaysian Palm Oil Board (MPOB) monthly industry release
2014-04-01,total_po_stock,1766190,tonnes,backfill-84,Malaysian Palm Oil Board (MPOB) monthly industry release
2014-05-01,cpko_production,186543,tonnes,backfill-84,Malaysian Palm Oil Board (MPOB) monthly industry release
2014-05-01,cpo_import,8025,tonnes,backfill-84,Malaysian Palm Oil Board (MPOB) monthly industry release
2014-05-01,cpo_production,1656957,tonnes,backfill-84,Malaysian Palm Oil Board (MPOB) monthly industry release
2014-05-01,cpo_stock,979793,tonnes,bepi,Malaysian Palm Oil Board (MPOB) monthly industry release
2014-05-01,pk_production,399244,tonnes,backfill-84,Malaysian Palm Oil Board (MPOB) monthly industry release
2014-05-01,pkc_production,207431,tonnes,backfill-84,Malaysian Palm Oil Board (MPOB) monthly industry release
2014-05-01,pko_stock,274099,tonnes,backfill-84,Malaysian Palm Oil Board (MPOB) monthly industry release
2014-05-01,po_export,1416958,tonnes,backfill-84,Malaysian Palm Oil Board (MPOB) monthly industry release
2014-05-01,po_import,50698,tonnes,backfill-84,Malaysian Palm Oil Board (MPOB) monthly industry release
2014-05-01,processed_po_stock,861548,tonnes,bepi,Malaysian Palm Oil Board (MPOB) monthly industry release
2014-05-01,total_po_stock,1841341,tonnes,backfill-84,Malaysian Palm Oil Board (MPOB) monthly industry release
2014-06-01,cpko_production,174726,tonnes,backfill-84,Malaysian Palm Oil Board (MPOB) monthly industry release
2014-06-01,cpo_production,1569684,tonnes,backfill-84,Malaysian Palm Oil Board (MPOB) monthly industry release
2014-06-01,cpo_stock,828434,tonnes,bepi,Malaysian Palm Oil Board (MPOB) monthly industry release
2014-06-01,pk_production,357295,tonnes,backfill-84,Malaysian Palm Oil Board (MPOB) monthly industry release
2014-06-01,pkc_production,192966,tonnes,backfill-84,Malaysian Palm Oil Board (MPOB) monthly industry release
2014-06-01,pko_stock,313045,tonnes,backfill-84,Malaysian Palm Oil Board (MPOB) monthly industry release
2014-06-01,po_export,1483191,tonnes,backfill-84,Malaysian Palm Oil Board (MPOB) monthly industry release
2014-06-01,po_import,10993,tonnes,backfill-84,Malaysian Palm Oil Board (MPOB) monthly industry release
2014-06-01,processed_po_stock,828322,tonnes,bepi,Malaysian Palm Oil Board (MPOB) monthly industry release
2014-06-01,total_po_stock,1656756,tonnes,backfill-84,Malaysian Palm Oil Board (MPOB) monthly industry release
2014-07-01,cpko_production,171352,tonnes,backfill-84,Malaysian Palm Oil Board (MPOB) monthly industry release
2014-07-01,cpo_import,7725,tonnes,backfill-84,Malaysian Palm Oil Board (MPOB) monthly industry release
2014-07-01,cpo_production,1665661,tonnes,backfill-84,Malaysian Palm Oil Board (MPOB) monthly industry release
2014-07-01,cpo_stock,895376,tonnes,bepi,Malaysian Palm Oil Board (MPOB) monthly industry release
2014-07-01,pk_production,406098,tonnes,backfill-84,Malaysian Palm Oil Board (MPOB) monthly industry release
2014-07-01,pkc_production,188908,tonnes,backfill-84,Malaysian Palm Oil Board (MPOB) monthly industry release
2014-07-01,pko_stock,290899,tonnes,backfill-84,Malaysian Palm Oil Board (MPOB) monthly industry release
2014-07-01,po_export,1446060,tonnes,backfill-84,Malaysian Palm Oil Board (MPOB) monthly industry release
2014-07-01,po_import,13308,tonnes,backfill-84,Malaysian Palm Oil Board (MPOB) monthly industry release
2014-07-01,processed_po_stock,789380,tonnes,bepi,Malaysian Palm Oil Board (MPOB) monthly industry release
2014-07-01,total_po_stock,1684756,tonnes,backfill-84,Malaysian Palm Oil Board (MPOB) monthly industry release
2014-08-01,cpko_production,216043,tonnes,backfill-84,Malaysian Palm Oil Board (MPOB) monthly industry release
2014-08-01,cpo_import,2523,tonnes,backfill-84,Malaysian Palm Oil Board (MPOB) monthly industry release
2014-08-01,cpo_production,2031677,tonnes,backfill-84,Malaysian Palm Oil Board (MPOB) monthly industry release
2014-08-01,cpo_stock,1133477,tonnes,bepi,Malaysian Palm Oil Board (MPOB) monthly industry release
2014-08-01,pk_production,520218,tonnes,backfill-84,Malaysian Palm Oil Board (MPOB) monthly industry release
2014-08-01,pkc_production,238752,tonnes,backfill-84,Malaysian Palm Oil Board (MPOB) monthly industry release
2014-08-01,pko_stock,334431,tonnes,backfill-84,Malaysian Palm Oil Board (MPOB) monthly industry release
2014-08-01,po_export,1437796,tonnes,backfill-84,Malaysian Palm Oil Board (MPOB) monthly industry release
2014-08-01,po_import,17574,tonnes,backfill-84,Malaysian Palm Oil Board (MPOB) monthly industry release
2014-08-01,processed_po_stock,919722,tonnes,bepi,Malaysian Palm Oil Board (MPOB) monthly industry release
2014-08-01,total_po_stock,2053199,tonnes,backfill-84,Malaysian Palm Oil Board (MPOB) monthly industry release
2014-09-01,cpko_production,225377,tonnes,backfill-84,Malaysian Palm Oil Board (MPOB) monthly industry release
2014-09-01,cpo_import,2670,tonnes,backfill-84,Malaysian Palm Oil Board (MPOB) monthly industry release
2014-09-01,cpo_production,1896901,tonnes,backfill-84,Malaysian Palm Oil Board (MPOB) monthly industry release
2014-09-01,cpo_stock,1178596,tonnes,bepi,Malaysian Palm Oil Board (MPOB) monthly industry release
2014-09-01,pk_production,483173,tonnes,backfill-84,Malaysian Palm Oil Board (MPOB) monthly industry release
2014-09-01,pkc_production,250185,tonnes,backfill-84,Malaysian Palm Oil Board (MPOB) monthly industry release
2014-09-01,pko_stock,345723,tonnes,backfill-84,Malaysian Palm Oil Board (MPOB) monthly industry release
2014-09-01,po_export,1643294,tonnes,backfill-84,Malaysian Palm Oil Board (MPOB) monthly industry release
2014-09-01,po_import,38491,tonnes,backfill-84,Malaysian Palm Oil Board (MPOB) monthly industry release
2014-09-01,processed_po_stock,911933,tonnes,bepi,Malaysian Palm Oil Board (MPOB) monthly industry release
2014-09-01,total_po_stock,2090529,tonnes,backfill-84,Malaysian Palm Oil Board (MPOB) monthly industry release
2014-10-01,cpko_production,217843,tonnes,backfill-84,Malaysian Palm Oil Board (MPOB) monthly industry release
2014-10-01,cpo_import,64048,tonnes,backfill-84,Malaysian Palm Oil Board (MPOB) monthly industry release
2014-10-01,cpo_production,1892994,tonnes,backfill-84,Malaysian Palm Oil Board (MPOB) monthly industry release
2014-10-01,cpo_stock,1195355,tonnes,bepi,Malaysian Palm Oil Board (MPOB) monthly industry release
2014-10-01,pk_production,470019,tonnes,backfill-84,Malaysian Palm Oil Board (MPOB) monthly industry release
2014-10-01,pkc_production,241171,tonnes,backfill-84,Malaysian Palm Oil Board (MPOB) monthly industry release
2014-10-01,pko_stock,352937,tonnes,backfill-84,Malaysian Palm Oil Board (MPOB) monthly industry release
2014-10-01,po_export,1611459,tonnes,backfill-84,Malaysian Palm Oil Board (MPOB) monthly industry release
2014-10-01,po_import,82971,tonnes,backfill-84,Malaysian Palm Oil Board (MPOB) monthly industry release
2014-10-01,processed_po_stock,970956,tonnes,bepi,Malaysian Palm Oil Board (MPOB) monthly industry release
2014-10-01,total_po_stock,2166311,tonnes,backfill-84,Malaysian Palm Oil Board (MPOB) monthly industry release
2014-11-01,cpko_production,215630,tonnes,backfill-84,Malaysian Palm Oil Board (MPOB) monthly industry release
2014-11-01,cpo_import,53084,tonnes,backfill-84,Malaysian Palm Oil Board (MPOB) monthly industry release
2014-11-01,cpo_production,1750567,tonnes,backfill-84,Malaysian Palm Oil Board (MPOB) monthly industry release
2014-11-01,cpo_stock,1303956,tonnes,bepi,Malaysian Palm Oil Board (MPOB) monthly industry release
2014-11-01,pk_production,430379,tonnes,backfill-84,Malaysian Palm Oil Board (MPOB) monthly industry release
2014-11-01,pkc_production,238828,tonnes,backfill-84,Malaysian Palm Oil Board (MPOB) monthly industry release
2014-11-01,pko_stock,314778,tonnes,backfill-84,Malaysian Palm Oil Board (MPOB) monthly industry release
2014-11-01,po_export,1514051,tonnes,backfill-84,Malaysian Palm Oil Board (MPOB) monthly industry release
2014-11-01,po_import,98940,tonnes,backfill-84,Malaysian Palm Oil Board (MPOB) monthly industry release
2014-11-01,processed_po_stock,976605,tonnes,bepi,Malaysian Palm Oil Board (MPOB) monthly industry release
2014-11-01,total_po_stock,2280561,tonnes,backfill-84,Malaysian Palm Oil Board (MPOB) monthly industry release
2014-12-01,cpko_production,175030,tonnes,backfill-84,Malaysian Palm Oil Board (MPOB) monthly industry release
2014-12-01,cpo_import,52872,tonnes,backfill-84,Malaysian Palm Oil Board (MPOB) monthly industry release
2014-12-01,cpo_production,1364864,tonnes,backfill-84,Malaysian Palm Oil Board (MPOB) monthly industry release
2014-12-01,cpo_stock,995691,tonnes,bepi,Malaysian Palm Oil Board (MPOB) monthly industry release
2014-12-01,pk_production,337202,tonnes,backfill-84,Malaysian Palm Oil Board (MPOB) monthly industry release
2014-12-01,pkc_production,192823,tonnes,backfill-84,Malaysian Palm Oil Board (MPOB) monthly industry release
2014-12-01,pko_stock,303528,tonnes,backfill-84,Malaysian Palm Oil Board (MPOB) monthly industry release
2014-12-01,po_export,1519622,tonnes,backfill-84,Malaysian Palm Oil Board (MPOB) monthly industry release
2014-12-01,po_import,90353,tonnes,backfill-84,Malaysian Palm Oil Board (MPOB) monthly industry release
2014-12-01,processed_po_stock,1020098,tonnes,bepi,Malaysian Palm Oil Board (MPOB) monthly industry release
2014-12-01,total_po_stock,2015789,tonnes,backfill-84,Malaysian Palm Oil Board (MPOB) monthly industry release
2015-01-01,cpo_stock,878201,tonnes,bepi,Malaysian Palm Oil Board (MPOB) monthly industry release
2015-01-01,processed_po_stock,883694,tonnes,bepi,Malaysian Palm Oil Board (MPOB) monthly industry release
2015-01-01,total_po_stock,1761895,tonnes,bepi,Malaysian Palm Oil Board (MPOB) monthly industry release
2015-02-01,cpo_stock,949046,tonnes,bepi,Malaysian Palm Oil Board (MPOB) monthly industry release
2015-02-01,processed_po_stock,787113,tonnes,bepi,Malaysian Palm Oil Board (MPOB) monthly industry release
2015-02-01,total_po_stock,1736159,tonnes,bepi,Malaysian Palm Oil Board (MPOB) monthly industry release
2015-03-01,cpo_stock,905330,tonnes,bepi,Malaysian Palm Oil Board (MPOB) monthly industry release
2015-03-01,processed_po_stock,953062,tonnes,bepi,Malaysian Palm Oil Board (MPOB) monthly industry release
2015-03-01,total_po_stock,1858392,tonnes,bepi,Malaysian Palm Oil Board (MPOB) monthly industry release
2015-04-01,cpo_stock,1269971,tonnes,bepi,Malaysian Palm Oil Board (MPOB) monthly industry release
2015-04-01,processed_po_stock,912041,tonnes,bepi,Malaysian Palm Oil Board (MPOB) monthly industry release
2015-04-01,total_po_stock,2182012,tonnes,bepi,Malaysian Palm Oil Board (MPOB) monthly industry release
2015-05-01,cpo_stock,1286779,tonnes,bepi,Malaysian Palm Oil Board (MPOB) monthly industry release
2015-05-01,processed_po_stock,952707,tonnes,bepi,Malaysian Palm Oil Board (MPOB) monthly industry release
2015-05-01,total_po_stock,2239486,tonnes,bepi,Malaysian Palm Oil Board (MPOB) monthly industry release
2015-06-01,cpo_stock,1098345,tonnes,bepi,Malaysian Palm Oil Board (MPOB) monthly industry release
2015-06-01,processed_po_stock,1043565,tonnes,bepi,Malaysian Palm Oil Board (MPOB) monthly industry release
2015-06-01,total_po_stock,2141910,tonnes,bepi,Malaysian Palm Oil Board (MPOB) monthly industry release
2015-07-01,cpo_stock,1254086,tonnes,bepi,Malaysian Palm Oil Board (MPOB) monthly industry release
2015-07-01,processed_po_stock,1003811,tonnes,bepi,Malaysian Palm Oil Board (MPOB) monthly industry release
2015-07-01,total_po_stock,2257897,tonnes,bepi,Malaysian Palm Oil Board (MPOB) monthly industry release
2015-08-01,cpo_stock,1462197,tonnes,bepi,Malaysian Palm Oil Board (MPOB) monthly industry release
2015-08-01,processed_po_stock,1029769,tonnes,bepi,Malaysian Palm Oil Board (MPOB) monthly industry release
2015-08-01,total_po_stock,2491966,tonnes,bepi,Malaysian Palm Oil Board (MPOB) monthly industry release
2015-09-01,cpo_stock,1568155,tonnes,bepi,Malaysian Palm Oil Board (MPOB) monthly industry release
2015-09-01,processed_po_stock,1073137,tonnes,bepi,Malaysian Palm Oil Board (MPOB) monthly industry release
2015-09-01,total_po_stock,2641292,tonnes,bepi,Malaysian Palm Oil Board (MPOB) monthly industry release
2015-10-01,cpo_stock,1707383,tonnes,bepi,Malaysian Palm Oil Board (MPOB) monthly industry release
2015-10-01,processed_po_stock,1127965,tonnes,bepi,Malaysian Palm Oil Board (MPOB) monthly industry release
2015-10-01,total_po_stock,2835348,tonnes,bepi,Malaysian Palm Oil Board (MPOB) monthly industry release
2015-11-01,cpo_stock,1753226,tonnes,bepi,Malaysian Palm Oil Board (MPOB) monthly industry release
2015-11-01,processed_po_stock,1157703,tonnes,bepi,Malaysian Palm Oil Board (MPOB) monthly industry release
2015-11-01,total_po_stock,2910929,tonnes,bepi,Malaysian Palm Oil Board (MPOB) monthly industry release
2015-12-01,cpo_stock,1593073,tonnes,bepi,Malaysian Palm Oil Board (MPOB) monthly industry release
2015-12-01,processed_po_stock,1040867,tonnes,bepi,Malaysian Palm Oil Board (MPOB) monthly industry release
2015-12-01,total_po_stock,2633940,tonnes,bepi,Malaysian Palm Oil Board (MPOB) monthly industry release
2016-01-01,cpo_stock,1302000,tonnes,bepi,Malaysian Palm Oil Board (MPOB) monthly industry release
2016-01-01,processed_po_stock,1006778,tonnes,bepi,Malaysian Palm Oil Board (MPOB) monthly industry release
2016-01-01,total_po_stock,2308778,tonnes,bepi,Malaysian Palm Oil Board (MPOB) monthly industry release
2016-02-01,cpo_stock,1251919,tonnes,bepi,Malaysian Palm Oil Board (MPOB) monthly industry release
2016-02-01,processed_po_stock,918422,tonnes,bepi,Malaysian Palm Oil Board (MPOB) monthly industry release
2016-02-01,total_po_stock,2170341,tonnes,bepi,Malaysian Palm Oil Board (MPOB) monthly industry release
2016-03-01,cpo_stock,955412,tonnes,bepi,Malaysian Palm Oil Board (MPOB) monthly industry release
2016-03-01,processed_po_stock,930219,tonnes,bepi,Malaysian Palm Oil Board (MPOB) monthly industry release
2016-03-01,total_po_stock,1885631,tonnes,bepi,Malaysian Palm Oil Board (MPOB) monthly industry release
2016-04-01,cpo_stock,973815,tonnes,bepi,Malaysian Palm Oil Board (MPOB) monthly industry release
2016-04-01,processed_po_stock,830680,tonnes,bepi,Malaysian Palm Oil Board (MPOB) monthly industry release
2016-04-01,total_po_stock,1804495,tonnes,bepi,Malaysian Palm Oil Board (MPOB) monthly industry release
2016-05-01,cpo_stock,883175,tonnes,bepi,Malaysian Palm Oil Board (MPOB) monthly industry release
2016-05-01,processed_po_stock,766684,tonnes,bepi,Malaysian Palm Oil Board (MPOB) monthly industry release
2016-05-01,total_po_stock,1649859,tonnes,bepi,Malaysian Palm Oil Board (MPOB) monthly industry release
2016-06-01,cpo_stock,975825,tonnes,bepi,Malaysian Palm Oil Board (MPOB) monthly industry release
2016-06-01,processed_po_stock,798800,tonnes,bepi,Malaysian Palm Oil Board (MPOB) monthly industry release
2016-06-01,total_po_stock,1774625,tonnes,bepi,Malaysian Palm Oil Board (MPOB) monthly industry release
2016-07-01,cpo_stock,1019988,tonnes,bepi,Malaysian Palm Oil Board (MPOB) monthly industry release
2016-07-01,processed_po_stock,750379,tonnes,bepi,Malaysian Palm Oil Board (MPOB) monthly industry release
2016-07-01,total_po_stock,1770367,tonnes,bepi,Malaysian Palm Oil Board (MPOB) monthly industry release
2016-08-01,cpo_stock,756764,tonnes,bepi,Malaysian Palm Oil Board (MPOB) monthly industry release
2016-08-01,processed_po_stock,707317,tonnes,bepi,Malaysian Palm Oil Board (MPOB) monthly industry release
2016-08-01,total_po_stock,1464081,tonnes,bepi,Malaysian Palm Oil Board (MPOB) monthly industry release
2016-09-01,cpo_stock,893338,tonnes,bepi,Malaysian Palm Oil Board (MPOB) monthly industry release
2016-09-01,processed_po_stock,653420,tonnes,bepi,Malaysian Palm Oil Board (MPOB) monthly industry release
2016-09-01,total_po_stock,1546758,tonnes,bepi,Malaysian Palm Oil Board (MPOB) monthly industry release
2016-10-01,cpo_stock,841813,tonnes,bepi,Malaysian Palm Oil Board (MPOB) monthly industry release
2016-10-01,processed_po_stock,732658,tonnes,bepi,Malaysian Palm Oil Board (MPOB) monthly industry release
2016-10-01,total_po_stock,1574471,tonnes,bepi,Malaysian Palm Oil Board (MPOB) monthly industry release
2016-11-01,cpo_stock,897665,tonnes,bepi,Malaysian Palm Oil Board (MPOB) monthly industry release
2016-11-01,processed_po_stock,766063,tonnes,bepi,Malaysian Palm Oil Board (MPOB) monthly industry release
2016-11-01,total_po_stock,1663728,tonnes,bepi,Malaysian Palm Oil Board (MPOB) monthly industry release
2016-12-01,cpko_production,159877,tonnes,backfill-84,Malaysian Palm Oil Board (MPOB) monthly industry release
2016-12-01,cpo_import,8470,tonnes,backfill-84,Malaysian Palm Oil Board (MPOB) monthly industry release
2016-12-01,cpo_production,1473717,tonnes,backfill-84,Malaysian Palm Oil Board (MPOB) monthly industry release
2016-12-01,cpo_stock,877082,tonnes,bepi,Malaysian Palm Oil Board (MPOB) monthly industry release
2016-12-01,pk_production,346520,tonnes,backfill-84,Malaysian Palm Oil Board (MPOB) monthly industry release
2016-12-01,pkc_production,177311,tonnes,backfill-84,Malaysian Palm Oil Board (MPOB) monthly industry release
2016-12-01,pko_stock,225615,tonnes,backfill-84,Malaysian Palm Oil Board (MPOB) monthly industry release
2016-12-01,po_export,1267962,tonnes,backfill-84,Malaysian Palm Oil Board (MPOB) monthly industry release
2016-12-01,po_import,44752,tonnes,backfill-84,Malaysian Palm Oil Board (MPOB) monthly industry release
2016-12-01,processed_po_stock,789591,tonnes,bepi,Malaysian Palm Oil Board (MPOB) monthly industry release
2016-12-01,total_po_stock,1666673,tonnes,backfill-84,Malaysian Palm Oil Board (MPOB) monthly industry release
2017-01-01,cpko_production,144621,tonnes,backfill-84,Malaysian Palm Oil Board (MPOB) monthly industry release
2017-01-01,cpo_import,4011,tonnes,backfill-84,Malaysian Palm Oil Board (MPOB) monthly industry release
2017-01-01,cpo_production,1276849,tonnes,backfill-84,Malaysian Palm Oil Board (MPOB) monthly industry release
2017-01-01,cpo_stock,784039,tonnes,bepi,Malaysian Palm Oil Board (MPOB) monthly industry release
2017-01-01,pk_production,310182,tonnes,backfill-84,Malaysian Palm Oil Board (MPOB) monthly industry release
2017-01-01,pkc_production,159884,tonnes,backfill-84,Malaysian Palm Oil Board (MPOB) monthly industry release
2017-01-01,pko_stock,218703,tonnes,backfill-84,Malaysian Palm Oil Board (MPOB) monthly industry release
2017-01-01,po_export,1287782,tonnes,backfill-84,Malaysian Palm Oil Board (MPOB) monthly industry release
2017-01-01,po_import,71591,tonnes,backfill-84,Malaysian Palm Oil Board (MPOB) monthly industry release
2017-01-01,processed_po_stock,757049,tonnes,bepi,Malaysian Palm Oil Board (MPOB) monthly industry release
2017-01-01,total_po_stock,1541088,tonnes,backfill-84,Malaysian Palm Oil Board (MPOB) monthly industry release
2017-02-01,cpko_production,147844,tonnes,backfill-84,Malaysian Palm Oil Board (MPOB) monthly industry release
2017-02-01,cpo_import,3002,tonnes,backfill-84,Malaysian Palm Oil Board (MPOB) monthly industry release
2017-02-01,cpo_production,1258539,tonnes,backfill-84,Malaysian Palm Oil Board (MPOB) monthly industry release
2017-02-01,cpo_stock,766752,tonnes,bepi,Malaysian Palm Oil Board (MPOB) monthly industry release
2017-02-01,pk_production,316069,tonnes,backfill-84,Malaysian Palm Oil Board (MPOB) monthly industry release
2017-02-01,pkc_production,165011,tonnes,backfill-84,Malaysian Palm Oil Board (MPOB) monthly industry release
2017-02-01,pko_stock,199006,tonnes,backfill-84,Malaysian Palm Oil Board (MPOB) monthly industry release
2017-02-01,po_export,1107768,tonnes,backfill-84,Malaysian Palm Oil Board (MPOB) monthly industry release
2017-02-01,po_import,40331,tonnes,backfill-84,Malaysian Palm Oil Board (MPOB) monthly industry release
2017-02-01,processed_po_stock,692609,tonnes,bepi,Malaysian Palm Oil Board (MPOB) monthly industry release
2017-02-01,total_po_stock,1459361,tonnes,backfill-84,Malaysian Palm Oil Board (MPOB) monthly industry release
2017-03-01,cpko_production,170401,tonnes,backfill-84,Malaysian Palm Oil Board (MPOB) monthly industry release
2017-03-01,cpo_import,5756,tonnes,backfill-84,Malaysian Palm Oil Board (MPOB) monthly industry release
2017-03-01,cpo_production,1464021,tonnes,backfill-84,Malaysian Palm Oil Board (MPOB) monthly industry release
2017-03-01,cpo_stock,784782,tonnes,bepi,Malaysian Palm Oil Board (MPOB) monthly industry release
2017-03-01,pk_production,374530,tonnes,backfill-84,Malaysian Palm Oil Board (MPOB) monthly industry release
2017-03-01,pkc_production,188447,tonnes,backfill-84,Malaysian Palm Oil Board (MPOB) monthly industry release
2017-03-01,pko_stock,230627,tonnes,backfill-84,Malaysian Palm Oil Board (MPOB) monthly industry release
2017-03-01,po_export,1265800,tonnes,backfill-84,Malaysian Palm Oil Board (MPOB) monthly industry release
2017-03-01,po_import,101961,tonnes,backfill-84,Malaysian Palm Oil Board (MPOB) monthly industry release
2017-03-01,processed_po_stock,768437,tonnes,bepi,Malaysian Palm Oil Board (MPOB) monthly industry release
2017-03-01,total_po_stock,1553219,tonnes,backfill-84,Malaysian Palm Oil Board (MPOB) monthly industry release
2017-04-01,cpko_production,170042,tonnes,backfill-84,Malaysian Palm Oil Board (MPOB) monthly industry release
2017-04-01,cpo_import,2520,tonnes,backfill-84,Malaysian Palm Oil Board (MPOB) monthly industry release
2017-04-01,cpo_production,1548026,tonnes,backfill-84,Malaysian Palm Oil Board (MPOB) monthly industry release
2017-04-01,cpo_stock,861983,tonnes,bepi,Malaysian Palm Oil Board (MPOB) monthly industry release
2017-04-01,pk_production,387306,tonnes,backfill-84,Malaysian Palm Oil Board (MPOB) monthly industry release
2017-04-01,pkc_production,188259,tonnes,backfill-84,Malaysian Palm Oil Board (MPOB) monthly industry release
2017-04-01,pko_stock,242914,tonnes,backfill-84,Malaysian Palm Oil Board (MPOB) monthly industry release
2017-04-01,po_export,1284120,tonnes,backfill-84,Malaysian Palm Oil Board (MPOB) monthly industry release
2017-04-01,po_import,54475,tonnes,backfill-84,Malaysian Palm Oil Board (MPOB) monthly industry release
2017-04-01,processed_po_stock,738143,tonnes,bepi,Malaysian Palm Oil Board (MPOB) monthly industry release
2017-04-01,total_po_stock,1600126,tonnes,backfill-84,Malaysian Palm Oil Board (MPOB) monthly industry release
2017-05-01,cpko_production,194225,tonnes,backfill-84,Malaysian Palm Oil Board (MPOB) monthly industry release
2017-05-01,cpo_import,5844,tonnes,backfill-84,Malaysian Palm Oil Board (MPOB) monthly industry release
2017-05-01,cpo_production,1654494,tonnes,backfill-84,Malaysian Palm Oil Board (MPOB) monthly industry release
2017-05-01,cpo_stock,788788,tonnes,bepi,Malaysian Palm Oil Board (MPOB) monthly industry release
2017-05-01,pk_production,405274,tonnes,backfill-84,Malaysian Palm Oil Board (MPOB) monthly industry release
2017-05-01,pkc_production,216026,tonnes,backfill-84,Malaysian Palm Oil Board (MPOB) monthly industry release
2017-05-01,pko_stock,248944,tonnes,backfill-84,Malaysian Palm Oil Board (MPOB) monthly industry release
2017-05-01,po_export,1506145,tonnes,backfill-84,Malaysian Palm Oil Board (MPOB) monthly industry release
2017-05-01,po_import,47450,tonnes,backfill-84,Malaysian Palm Oil Board (MPOB) monthly industry release
2017-05-01,processed_po_stock,768566,tonnes,bepi,Malaysian Palm Oil Board (MPOB) monthly industry release
2017-05-01,total_po_stock,1557354,tonnes,backfill-84,Malaysian Palm Oil Board (MPOB) monthly industry release
2017-06-01,cpko_production,171389,tonnes,backfill-84,Malaysian Palm Oil Board (MPOB) monthly industry release
2017-06-01,cpo_import,3006,tonnes,backfill-84,Malaysian Palm Oil Board (MPOB) monthly industry release
2017-06-01,cpo_production,1514255,tonnes,backfill-84,Malaysian Palm Oil Board (MPOB) monthly industry release
2017-06-01,cpo_stock,797998,tonnes,bepi,Malaysian Palm Oil Board (MPOB) monthly industry release
2017-06-01,pk_production,370828,tonnes,backfill-84,Malaysian Palm Oil Board (MPOB) monthly industry release
2017-06-01,pkc_production,193362,tonnes,backfill-84,Malaysian Palm Oil Board (MPOB) monthly industry release
2017-06-01,pko_stock,229586,tonnes,backfill-84,Malaysian Palm Oil Board (MPOB) monthly industry release
2017-06-01,po_export,1379888,tonnes,backfill-84,Malaysian Palm Oil Board (MPOB) monthly industry release
2017-06-01,po_import,45828,tonnes,backfill-84,Malaysian Palm Oil Board (MPOB) monthly industry release
2017-06-01,processed_po_stock,728841,tonnes,bepi,Malaysian Palm Oil Board (MPOB) monthly industry release
2017-06-01,total_po_stock,1526839,tonnes,backfill-84,Malaysian Palm Oil Board (MPOB) monthly industry release
2017-07-01,cpko_production,209435,tonnes,backfill-84,Malaysian Palm Oil Board (MPOB) monthly industry release
2017-07-01,cpo_import,6501,tonnes,backfill-84,Malaysian Palm Oil Board (MPOB) monthly industry release
2017-07-01,cpo_production,1826828,tonnes,backfill-84,Malaysian Palm Oil Board (MPOB) monthly industry release
2017-07-01,cpo_stock,937789,tonnes,bepi,Malaysian Palm Oil Board (MPOB) monthly industry release
2017-07-01,pk_production,448172,tonnes,backfill-84,Malaysian Palm Oil Board (MPOB) monthly industry release
2017-07-01,pkc_production,234221,tonnes,backfill-84,Malaysian Palm Oil Board (MPOB) monthly industry release
2017-07-01,pko_stock,226846,tonnes,backfill-84,Malaysian Palm Oil Board (MPOB) monthly industry release
2017-07-01,po_export,1399107,tonnes,backfill-84,Malaysian Palm Oil Board (MPOB) monthly industry release
2017-07-01,po_import,52962,tonnes,backfill-84,Malaysian Palm Oil Board (MPOB) monthly industry release
2017-07-01,processed_po_stock,846580,tonnes,bepi,Malaysian Palm Oil Board (MPOB) monthly industry release
2017-07-01,total_po_stock,1784369,tonnes,backfill-84,Malaysian Palm Oil Board (MPOB) monthly industry release
2017-08-01,cpko_production,205079,tonnes,backfill-84,Malaysian Palm Oil Board (MPOB) monthly industry release
2017-08-01,cpo_import,10446,tonnes,backfill-84,Malaysian Palm Oil Board (MPOB) monthly industry release
2017-08-01,cpo_production,1810551,tonnes,backfill-84,Malaysian Palm Oil Board (MPOB) monthly industry release
2017-08-01,cpo_stock,1056287,tonnes,bepi,Malaysian Palm Oil Board (MPOB) monthly industry release
2017-08-01,pk_production,447742,tonnes,backfill-84,Malaysian Palm Oil Board (MPOB) monthly industry release
2017-08-01,pkc_production,229191,tonnes,backfill-84,Malaysian Palm Oil Board (MPOB) monthly industry release
2017-08-01,pko_stock,233273,tonnes,backfill-84,Malaysian Palm Oil Board (MPOB) monthly industry release
2017-08-01,po_export,1488211,tonnes,backfill-84,Malaysian Palm Oil Board (MPOB) monthly industry release
2017-08-01,po_import,41661,tonnes,backfill-84,Malaysian Palm Oil Board (MPOB) monthly industry release
2017-08-01,processed_po_stock,885430,tonnes,bepi,Malaysian Palm Oil Board (MPOB) monthly industry release
2017-08-01,total_po_stock,1941717,tonnes,backfill-84,Malaysian Palm Oil Board (MPOB) monthly industry release
2017-09-01,cpko_production,190895,tonnes,backfill-84,Malaysian Palm Oil Board (MPOB) monthly industry release
2017-09-01,cpo_import,3001,tonnes,backfill-84,Malaysian Palm Oil Board (MPOB) monthly industry release
2017-09-01,cpo_production,1779918,tonnes,backfill-84,Malaysian Palm Oil Board (MPOB) monthly industry release
2017-09-01,cpo_stock,1072103,tonnes,bepi,Malaysian Palm Oil Board (MPOB) monthly industry release
2017-09-01,pk_production,441950,tonnes,backfill-84,Malaysian Palm Oil Board (MPOB) monthly industry release
2017-09-01,pkc_production,210781,tonnes,backfill-84,Malaysian Palm Oil Board (MPOB) monthly industry release
2017-09-01,pko_stock,221779,tonnes,backfill-84,Malaysian Palm Oil Board (MPOB) monthly industry release
2017-09-01,po_export,1519284,tonnes,backfill-84,Malaysian Palm Oil Board (MPOB) monthly industry release
2017-09-01,po_import,41173,tonnes,backfill-84,Malaysian Palm Oil Board (MPOB) monthly industry release
2017-09-01,processed_po_stock,943819,tonnes,bepi,Malaysian Palm Oil Board (MPOB) monthly industry release
2017-09-01,total_po_stock,2015922,tonnes,backfill-84,Malaysian Palm Oil Board (MPOB) monthly industry release
2017-10-01,cpko_production,223426,tonnes,backfill-84,Malaysian Palm Oil Board (MPOB) monthly industry release
2017-10-01,cpo_import,8039,tonnes,backfill-84,Malaysian Palm Oil Board (MPOB) monthly industry release
2017-10-01,cpo_production,2008838,tonnes,backfill-84,Malaysian Palm Oil Board (MPOB) monthly industry release
2017-10-01,cpo_stock,1230469,tonnes,bepi,Malaysian Palm Oil Board (MPOB) monthly industry release
2017-10-01,pk_production,498966,tonnes,backfill-84,Malaysian Palm Oil Board (MPOB) monthly industry release
2017-10-01,pkc_production,248687,tonnes,backfill-84,Malaysian Palm Oil Board (MPOB) monthly industry release
2017-10-01,pko_stock,249104,tonnes,backfill-84,Malaysian Palm Oil Board (MPOB) monthly industry release
2017-10-01,po_export,1538050,tonnes,backfill-84,Malaysian Palm Oil Board (MPOB) monthly industry release
2017-10-01,po_import,13479,tonnes,backfill-84,Malaysian Palm Oil Board (MPOB) monthly industry release
2017-10-01,processed_po_stock,972914,tonnes,bepi,Malaysian Palm Oil Board (MPOB) monthly industry release
2017-10-01,total_po_stock,2203383,tonnes,backfill-84,Malaysian Palm Oil Board (MPOB) monthly industry release
2017-11-01,cpko_production,230033,tonnes,backfill-84,Malaysian Palm Oil Board (MPOB) monthly industry release
2017-11-01,cpo_import,5010,tonnes,backfill-84,Malaysian Palm Oil Board (MPOB) monthly industry release
2017-11-01,cpo_production,1942847,tonnes,backfill-84,Malaysian Palm Oil Board (MPOB) monthly industry release
2017-11-01,cpo_stock,1487860,tonnes,bepi,Malaysian Palm Oil Board (MPOB) monthly industry release
2017-11-01,pk_production,484880,tonnes,backfill-84,Malaysian Palm Oil Board (MPOB) monthly industry release
2017-11-01,pkc_production,258311,tonnes,backfill-84,Malaysian Palm Oil Board (MPOB) monthly industry release
2017-11-01,pko_stock,301236,tonnes,backfill-84,Malaysian Palm Oil Board (MPOB) monthly industry release
2017-11-01,po_export,1356378,tonnes,backfill-84,Malaysian Palm Oil Board (MPOB) monthly industry release
2017-11-01,po_import,30191,tonnes,backfill-84,Malaysian Palm Oil Board (MPOB) monthly industry release
2017-11-01,processed_po_stock,1065879,tonnes,bepi,Malaysian Palm Oil Board (MPOB) monthly industry release
2017-11-01,total_po_stock,2553739,tonnes,backfill-84,Malaysian Palm Oil Board (MPOB) monthly industry release
2017-12-01,cpko_production,223523,tonnes,backfill-84,Malaysian Palm Oil Board (MPOB) monthly industry release
2017-12-01,cpo_import,3002,tonnes,backfill-84,Malaysian Palm Oil Board (MPOB) monthly industry release
2017-12-01,cpo_production,1834165,tonnes,backfill-84,Malaysian Palm Oil Board (MPOB) monthly industry release
2017-12-01,cpo_stock,1669196,tonnes,bepi,Malaysian Palm Oil Board (MPOB) monthly industry release
2017-12-01,pk_production,465062,tonnes,backfill-84,Malaysian Palm Oil Board (MPOB) monthly industry release
2017-12-01,pkc_production,250856,tonnes,backfill-84,Malaysian Palm Oil Board (MPOB) monthly industry release
2017-12-01,pko_stock,289375,tonnes,backfill-84,Malaysian Palm Oil Board (MPOB) monthly industry release
2017-12-01,po_export,1427425,tonnes,backfill-84,Malaysian Palm Oil Board (MPOB) monthly industry release
2017-12-01,po_import,14991,tonnes,backfill-84,Malaysian Palm Oil Board (MPOB) monthly industry release
2017-12-01,processed_po_stock,1062897,tonnes,bepi,Malaysian Palm Oil Board (MPOB) monthly industry release
2017-12-01,total_po_stock,2732093,tonnes,backfill-84,Malaysian Palm Oil Board (MPOB) monthly industry release
2018-01-01,cpo_stock,1572721,tonnes,bepi,Malaysian Palm Oil Board (MPOB) monthly industry release
2018-01-01,processed_po_stock,975991,tonnes,bepi,Malaysian Palm Oil Board (MPOB) monthly industry release
2018-01-01,total_po_stock,2548712,tonnes,bepi,Malaysian Palm Oil Board (MPOB) monthly industry release
2018-02-01,cpo_stock,1560111,tonnes,bepi,Malaysian Palm Oil Board (MPOB) monthly industry release
2018-02-01,processed_po_stock,916342,tonnes,bepi,Malaysian Palm Oil Board (MPOB) monthly industry release
2018-02-01,total_po_stock,2476453,tonnes,bepi,Malaysian Palm Oil Board (MPOB) monthly industry release
2018-03-01,cpo_stock,1361350,tonnes,bepi,Malaysian Palm Oil Board (MPOB) monthly industry release
2018-03-01,processed_po_stock,978603,tonnes,bepi,Malaysian Palm Oil Board (MPOB) monthly industry release
2018-03-01,total_po_stock,2339953,tonnes,bepi,Malaysian Palm Oil Board (MPOB) monthly industry release
2018-04-01,cpo_stock,1203087,tonnes,bepi,Malaysian Palm Oil Board (MPOB) monthly industry release
2018-04-01,processed_po_stock,991015,tonnes,bepi,Malaysian Palm Oil Board (MPOB) monthly industry release
2018-04-01,total_po_stock,2194102,tonnes,bepi,Malaysian Palm Oil Board (MPOB) monthly industry release
2018-05-01,cpo_stock,1188377,tonnes,bepi,Malaysian Palm Oil Board (MPOB) monthly industry release
2018-05-01,processed_po_stock,1004880,tonnes,bepi,Malaysian Palm Oil Board (MPOB) monthly industry release
2018-05-01,total_po_stock,2193257,tonnes,bepi,Malaysian Palm Oil Board (MPOB) monthly industry release
2018-06-01,cpo_stock,1232383,tonnes,bepi,Malaysian Palm Oil Board (MPOB) monthly industry release
2018-06-01,processed_po_stock,971804,tonnes,bepi,Malaysian Palm Oil Board (MPOB) monthly industry release
2018-06-01,total_po_stock,2204187,tonnes,bepi,Malaysian Palm Oil Board (MPOB) monthly industry release
2018-07-01,cpo_stock,1241715,tonnes,bepi,Malaysian Palm Oil Board (MPOB) monthly industry release
2018-07-01,processed_po_stock,989835,tonnes,bepi,Malaysian Palm Oil Board (MPOB) monthly industry release
2018-07-01,total_po_stock,2231550,tonnes,bepi,Malaysian Palm Oil Board (MPOB) monthly industry release
2018-08-01,cpo_stock,1278487,tonnes,bepi,Malaysian Palm Oil Board (MPOB) monthly industry release
2018-08-01,processed_po_stock,1226437,tonnes,bepi,Malaysian Palm Oil Board (MPOB) monthly industry release
2018-08-01,total_po_stock,2504924,tonnes,bepi,Malaysian Palm Oil Board (MPOB) monthly industry release
2018-09-01,cpo_stock,1416395,tonnes,bepi,Malaysian Palm Oil Board (MPOB) monthly industry release
2018-09-01,processed_po_stock,1113060,tonnes,bepi,Malaysian Palm Oil Board (MPOB) monthly industry release
2018-09-01,total_po_stock,2529455,tonnes,bepi,Malaysian Palm Oil Board (MPOB) monthly industry release
2018-10-01,cpo_stock,1613976,tonnes,bepi,Malaysian Palm Oil Board (MPOB) monthly industry release
2018-10-01,processed_po_stock,1108693,tonnes,bepi,Malaysian Palm Oil Board (MPOB) monthly industry release
2018-10-01,total_po_stock,2722669,tonnes,bepi,Malaysian Palm Oil Board (MPOB) monthly industry release
2018-11-01,cpo_stock,1790316,tonnes,bepi,Malaysian Palm Oil Board (MPOB) monthly industry release
2018-11-01,processed_po_stock,1216779,tonnes,bepi,Malaysian Palm Oil Board (MPOB) monthly industry release
2018-11-01,total_po_stock,3007095,tonnes,bepi,Malaysian Palm Oil Board (MPOB) monthly industry release
2018-12-01,cpo_stock,1940680,tonnes,bepi,Malaysian Palm Oil Board (MPOB) monthly industry release
2018-12-01,processed_po_stock,1275796,tonnes,bepi,Malaysian Palm Oil Board (MPOB) monthly industry release
2018-12-01,total_po_stock,3216476,tonnes,bepi,Malaysian Palm Oil Board (MPOB) monthly industry release
2019-01-01,cpo_stock,1875604,tonnes,bepi,Malaysian Palm Oil Board (MPOB) monthly industry release
2019-01-01,processed_po_stock,1127267,tonnes,bepi,Malaysian Palm Oil Board (MPOB) monthly industry release
2019-01-01,total_po_stock,3002871,tonnes,bepi,Malaysian Palm Oil Board (MPOB) monthly industry release
2019-02-01,cpo_stock,1928566,tonnes,bepi,Malaysian Palm Oil Board (MPOB) monthly industry release
2019-02-01,processed_po_stock,1128382,tonnes,bepi,Malaysian Palm Oil Board (MPOB) monthly industry release
2019-02-01,total_po_stock,3056948,tonnes,bepi,Malaysian Palm Oil Board (MPOB) monthly industry release
2019-03-01,cpo_stock,1691413,tonnes,bepi,Malaysian Palm Oil Board (MPOB) monthly industry release
2019-03-01,processed_po_stock,1228964,tonnes,bepi,Malaysian Palm Oil Board (MPOB) monthly industry release
2019-03-01,total_po_stock,2920377,tonnes,bepi,Malaysian Palm Oil Board (MPOB) monthly industry release
2019-04-01,cpo_stock,1595539,tonnes,bepi,Malaysian Palm Oil Board (MPOB) monthly industry release
2019-04-01,processed_po_stock,1131371,tonnes,bepi,Malaysian Palm Oil Board (MPOB) monthly industry release
2019-04-01,total_po_stock,2726910,tonnes,bepi,Malaysian Palm Oil Board (MPOB) monthly industry release
2019-05-01,cpo_stock,1465309,tonnes,bepi,Malaysian Palm Oil Board (MPOB) monthly industry release
2019-05-01,processed_po_stock,979149,tonnes,bepi,Malaysian Palm Oil Board (MPOB) monthly industry release
2019-05-01,total_po_stock,2444458,tonnes,bepi,Malaysian Palm Oil Board (MPOB) monthly industry release
2019-06-01,cpo_stock,1345851,tonnes,bepi,Malaysian Palm Oil Board (MPOB) monthly industry release
2019-06-01,processed_po_stock,1064977,tonnes,bepi,Malaysian Palm Oil Board (MPOB) monthly industry release
2019-06-01,total_po_stock,2410828,tonnes,bepi,Malaysian Palm Oil Board (MPOB) monthly industry release
2019-07-01,cpo_stock,1338299,tonnes,bepi,Malaysian Palm Oil Board (MPOB) monthly industry release
2019-07-01,processed_po_stock,1039973,tonnes,bepi,Malaysian Palm Oil Board (MPOB) monthly industry release
2019-07-01,total_po_stock,2378272,tonnes,bepi,Malaysian Palm Oil Board (MPOB) monthly industry release
2019-08-01,cpo_stock,1290546,tonnes,bepi,Malaysian Palm Oil Board (MPOB) monthly industry release
2019-08-01,processed_po_stock,949945,tonnes,bepi,Malaysian Palm Oil Board (MPOB) monthly industry release
2019-08-01,total_po_stock,2240491,tonnes,bepi,Malaysian Palm Oil Board (MPOB) monthly industry release
2019-09-01,cpo_stock,1353334,tonnes,bepi,Malaysian Palm Oil Board (MPOB) monthly industry release
2019-09-01,processed_po_stock,1095150,tonnes,bepi,Malaysian Palm Oil Board (MPOB) monthly industry release
2019-09-01,total_po_stock,2448484,tonnes,bepi,Malaysian Palm Oil Board (MPOB) monthly industry release
2019-10-01,cpo_stock,1323185,tonnes,bepi,Malaysian Palm Oil Board (MPOB) monthly industry release
2019-10-01,processed_po_stock,1029094,tonnes,bepi,Malaysian Palm Oil Board (MPOB) monthly industry release
2019-10-01,total_po_stock,2352279,tonnes,bepi,Malaysian Palm Oil Board (MPOB) monthly industry release
2019-11-01,cpo_stock,1153166,tonnes,bepi,Malaysian Palm Oil Board (MPOB) monthly industry release
2019-11-01,processed_po_stock,1101916,tonnes,bepi,Malaysian Palm Oil Board (MPOB) monthly industry release
2019-11-01,total_po_stock,2255082,tonnes,bepi,Malaysian Palm Oil Board (MPOB) monthly industry release
2019-12-01,cpo_stock,1019510,tonnes,bepi,Malaysian Palm Oil Board (MPOB) monthly industry release
2019-12-01,processed_po_stock,991017,tonnes,bepi,Malaysian Palm Oil Board (MPOB) monthly industry release
2019-12-01,total_po_stock,2010527,tonnes,bepi,Malaysian Palm Oil Board (MPOB) monthly industry release
2020-01-01,cpo_stock,844933,tonnes,bepi,Malaysian Palm Oil Board (MPOB) monthly industry release
2020-01-01,processed_po_stock,910484,tonnes,bepi,Malaysian Palm Oil Board (MPOB) monthly industry release
2020-01-01,total_po_stock,1755417,tonnes,bepi,Malaysian Palm Oil Board (MPOB) monthly industry release
2020-02-01,cpo_stock,851431,tonnes,bepi,Malaysian Palm Oil Board (MPOB) monthly industry release
2020-02-01,processed_po_stock,848830,tonnes,bepi,Malaysian Palm Oil Board (MPOB) monthly industry release
2020-02-01,total_po_stock,1700261,tonnes,bepi,Malaysian Palm Oil Board (MPOB) monthly industry release
2020-03-01,cpo_stock,829662,tonnes,bepi,Malaysian Palm Oil Board (MPOB) monthly industry release
2020-03-01,processed_po_stock,899930,tonnes,bepi,Malaysian Palm Oil Board (MPOB) monthly industry release
2020-03-01,total_po_stock,1729592,tonnes,bepi,Malaysian Palm Oil Board (MPOB) monthly industry release
2020-04-01,cpo_stock,1044738,tonnes,bepi,Malaysian Palm Oil Board (MPOB) monthly industry release
2020-04-01,processed_po_stock,999760,tonnes,bepi,Malaysian Palm Oil Board (MPOB) monthly industry release
2020-04-01,total_po_stock,2044498,tonnes,bepi,Malaysian Palm Oil Board (MPOB) monthly industry release
2020-05-01,cpo_stock,991740,tonnes,bepi,Malaysian Palm Oil Board (MPOB) monthly industry release
2020-05-01,processed_po_stock,1037839,tonnes,bepi,Malaysian Palm Oil Board (MPOB) monthly industry release
2020-05-01,total_po_stock,2029579,tonnes,bepi,Malaysian Palm Oil Board (MPOB) monthly industry release
2020-06-01,cpo_stock,1027035,tonnes,bepi,Malaysian Palm Oil Board (MPOB) monthly industry release
2020-06-01,processed_po_stock,871337,tonnes,bepi,Malaysian Palm Oil Board (MPOB) monthly industry release
2020-06-01,total_po_stock,1898372,tonnes,bepi,Malaysian Palm Oil Board (MPOB) monthly industry release
2020-07-01,cpo_stock,869718,tonnes,bepi,Malaysian Palm Oil Board (MPOB) monthly industry release
2020-07-01,processed_po_stock,829453,tonnes,bepi,Malaysian Palm Oil Board (MPOB) monthly industry release
2020-07-01,total_po_stock,1699171,tonnes,bepi,Malaysian Palm Oil Board (MPOB) monthly industry release
2020-08-01,cpo_stock,929440,tonnes,bepi,Malaysian Palm Oil Board (MPOB) monthly industry release
2020-08-01,processed_po_stock,773369,tonnes,bepi,Malaysian Palm Oil Board (MPOB) monthly industry release
2020-08-01,total_po_stock,1702809,tonnes,bepi,Malaysian Palm Oil Board (MPOB) monthly industry release
2020-09-01,cpo_stock,931344,tonnes,bepi,Malaysian Palm Oil Board (MPOB) monthly industry release
2020-09-01,processed_po_stock,790458,tonnes,bepi,Malaysian Palm Oil Board (MPOB) monthly industry release
2020-09-01,total_po_stock,1721802,tonnes,bepi,Malaysian Palm Oil Board (MPOB) monthly industry release
2020-10-01,cpo_stock,737643,tonnes,bepi,Malaysian Palm Oil Board (MPOB) monthly industry release
2020-10-01,processed_po_stock,835746,tonnes,bepi,Malaysian Palm Oil Board (MPOB) monthly industry release
2020-10-01,total_po_stock,1573389,tonnes,bepi,Malaysian Palm Oil Board (MPOB) monthly industry release
2020-11-01,cpo_stock,723010,tonnes,bepi,Malaysian Palm Oil Board (MPOB) monthly industry release
2020-11-01,processed_po_stock,839307,tonnes,bepi,Malaysian Palm Oil Board (MPOB) monthly industry release
2020-11-01,total_po_stock,1562317,tonnes,bepi,Malaysian Palm Oil Board (MPOB) monthly industry release
2020-12-01,cpko_production,141567,tonnes,backfill-84,Malaysian Palm Oil Board (MPOB) monthly industry release
2020-12-01,cpo_import,120337,tonnes,backfill-84,Malaysian Palm Oil Board (MPOB) monthly industry release
2020-12-01,cpo_production,1333639,tonnes,backfill-84,Malaysian Palm Oil Board (MPOB) monthly industry release
2020-12-01,cpo_stock,583811,tonnes,bepi,Malaysian Palm Oil Board (MPOB) monthly industry release
2020-12-01,pk_production,310213,tonnes,backfill-84,Malaysian Palm Oil Board (MPOB) monthly industry release
2020-12-01,pkc_production,158445,tonnes,backfill-84,Malaysian Palm Oil Board (MPOB) monthly industry release
2020-12-01,pko_stock,343442,tonnes,backfill-84,Malaysian Palm Oil Board (MPOB) monthly industry release
2020-12-01,po_export,1642900,tonnes,backfill-84,Malaysian Palm Oil Board (MPOB) monthly industry release
2020-12-01,po_import,282058,tonnes,backfill-84,Malaysian Palm Oil Board (MPOB) monthly industry release
2020-12-01,processed_po_stock,681887,tonnes,bepi,Malaysian Palm Oil Board (MPOB) monthly industry release
2020-12-01,total_po_stock,1265698,tonnes,backfill-84,Malaysian Palm Oil Board (MPOB) monthly industry release
2021-01-01,cpko_production,128809,tonnes,backfill-84,Malaysian Palm Oil Board (MPOB) monthly industry release
2021-01-01,cpo_import,13903,tonnes,backfill-84,Malaysian Palm Oil Board (MPOB) monthly industry release
2021-01-01,cpo_production,1126457,tonnes,backfill-84,Malaysian Palm Oil Board (MPOB) monthly industry release
2021-01-01,cpo_stock,640448,tonnes,bepi,Malaysian Palm Oil Board (MPOB) monthly industry release
2021-01-01,pk_production,277001,tonnes,backfill-84,Malaysian Palm Oil Board (MPOB) monthly industry release
2021-01-01,pkc_production,146249,tonnes,backfill-84,Malaysian Palm Oil Board (MPOB) monthly industry release
2021-01-01,pko_stock,317775,tonnes,backfill-84,Malaysian Palm Oil Board (MPOB) monthly industry release
2021-01-01,po_export,947392,tonnes,backfill-84,Malaysian Palm Oil Board (MPOB) monthly industry release
2021-01-01,po_import,168717,tonnes,backfill-84,Malaysian Palm Oil Board (MPOB) monthly industry release
2021-01-01,processed_po_stock,684191,tonnes,bepi,Malaysian Palm Oil Board (MPOB) monthly industry release
2021-01-01,total_po_stock,1324639,tonnes,backfill-84,Malaysian Palm Oil Board (MPOB) monthly industry release
2021-02-01,cpko_production,123336,tonnes,backfill-84,Malaysian Palm Oil Board (MPOB) monthly industry release
2021-02-01,cpo_import,7140,tonnes,backfill-84,Malaysian Palm Oil Board (MPOB) monthly industry release
2021-02-01,cpo_production,1108236,tonnes,backfill-84,Malaysian Palm Oil Board (MPOB) monthly industry release
2021-02-01,cpo_stock,660987,tonnes,bepi,Malaysian Palm Oil Board (MPOB) monthly industry release
2021-02-01,pk_production,272303,tonnes,backfill-84,Malaysian Palm Oil Board (MPOB) monthly industry release
2021-02-01,pkc_production,139843,tonnes,backfill-84,Malaysian Palm Oil Board (MPOB) monthly industry release
2021-02-01,pko_stock,270629,tonnes,backfill-84,Malaysian Palm Oil Board (MPOB) monthly industry release
2021-02-01,po_export,900558,tonnes,backfill-84,Malaysian Palm Oil Board (MPOB) monthly industry release
2021-02-01,po_import,87326,tonnes,backfill-84,Malaysian Palm Oil Board (MPOB) monthly industry release
2021-02-01,processed_po_stock,645035,tonnes,bepi,Malaysian Palm Oil Board (MPOB) monthly industry release
2021-02-01,total_po_stock,1306022,tonnes,backfill-84,Malaysian Palm Oil Board (MPOB) monthly industry release
2021-03-01,cpko_production,164292,tonnes,backfill-84,Malaysian Palm Oil Board (MPOB) monthly industry release
2021-03-01,cpo_import,4903,tonnes,backfill-84,Malaysian Palm Oil Board (MPOB) monthly industry release
2021-03-01,cpo_production,1423483,tonnes,backfill-84,Malaysian Palm Oil Board (MPOB) monthly industry release
2021-03-01,cpo_stock,742314,tonnes,bepi,Malaysian Palm Oil Board (MPOB) monthly industry release
2021-03-01,pk_production,359172,tonnes,backfill-84,Malaysian Palm Oil Board (MPOB) monthly industry release
2021-03-01,pkc_production,184452,tonnes,backfill-84,Malaysian Palm Oil Board (MPOB) monthly industry release
2021-03-01,pko_stock,251755,tonnes,backfill-84,Malaysian Palm Oil Board (MPOB) monthly industry release
2021-03-01,po_export,1189859,tonnes,backfill-84,Malaysian Palm Oil Board (MPOB) monthly industry release
2021-03-01,po_import,137332,tonnes,backfill-84,Malaysian Palm Oil Board (MPOB) monthly industry release
2021-03-01,processed_po_stock,701602,tonnes,bepi,Malaysian Palm Oil Board (MPOB) monthly industry release
2021-03-01,total_po_stock,1443916,tonnes,backfill-84,Malaysian Palm Oil Board (MPOB) monthly industry release
2021-04-01,cpko_production,177910,tonnes,backfill-84,Malaysian Palm Oil Board (MPOB) monthly industry release
2021-04-01,cpo_import,8046,tonnes,backfill-84,Malaysian Palm Oil Board (MPOB) monthly industry release
2021-04-01,cpo_production,1528121,tonnes,backfill-84,Malaysian Palm Oil Board (MPOB) monthly industry release
2021-04-01,cpo_stock,785308,tonnes,bepi,Malaysian Palm Oil Board (MPOB) monthly industry release
2021-04-01,pk_production,384009,tonnes,backfill-84,Malaysian Palm Oil Board (MPOB) monthly industry release
2021-04-01,pkc_production,199363,tonnes,backfill-84,Malaysian Palm Oil Board (MPOB) monthly industry release
2021-04-01,pko_stock,244902,tonnes,backfill-84,Malaysian Palm Oil Board (MPOB) monthly industry release
2021-04-01,po_export,1350777,tonnes,backfill-84,Malaysian Palm Oil Board (MPOB) monthly industry release
2021-04-01,po_import,109847,tonnes,backfill-84,Malaysian Palm Oil Board (MPOB) monthly industry release
2021-04-01,processed_po_stock,760597,tonnes,bepi,Malaysian Palm Oil Board (MPOB) monthly industry release
2021-04-01,total_po_stock,1545905,tonnes,backfill-84,Malaysian Palm Oil Board (MPOB) monthly industry release
2021-05-01,cpko_production,168000,tonnes,backfill-84,Malaysian Palm Oil Board (MPOB) monthly industry release
2021-05-01,cpo_production,1571525,tonnes,backfill-84,Malaysian Palm Oil Board (MPOB) monthly industry release
2021-05-01,cpo_stock,841312,tonnes,bepi,Malaysian Palm Oil Board (MPOB) monthly industry release
2021-05-01,pk_production,383423,tonnes,backfill-84,Malaysian Palm Oil Board (MPOB) monthly industry release
2021-05-01,pkc_production,187900,tonnes,backfill-84,Malaysian Palm Oil Board (MPOB) monthly industry release
2021-05-01,pko_stock,274104,tonnes,backfill-84,Malaysian Palm Oil Board (MPOB) monthly industry release
2021-05-01,po_export,1268424,tonnes,backfill-84,Malaysian Palm Oil Board (MPOB) monthly industry release
2021-05-01,po_import,89014,tonnes,backfill-84,Malaysian Palm Oil Board (MPOB) monthly industry release
2021-05-01,processed_po_stock,728106,tonnes,bepi,Malaysian Palm Oil Board (MPOB) monthly industry release
2021-05-01,total_po_stock,1569418,tonnes,backfill-84,Malaysian Palm Oil Board (MPOB) monthly industry release
2021-06-01,cpko_production,186988,tonnes,backfill-84,Malaysian Palm Oil Board (MPOB) monthly industry release
2021-06-01,cpo_production,1606187,tonnes,backfill-84,Malaysian Palm Oil Board (MPOB) monthly industry release
2021-06-01,cpo_stock,798482,tonnes,bepi,Malaysian Palm Oil Board (MPOB) monthly industry release
2021-06-01,pk_production,374248,tonnes,backfill-84,Malaysian Palm Oil Board (MPOB) monthly industry release
2021-06-01,pkc_production,212573,tonnes,backfill-84,Malaysian Palm Oil Board (MPOB) monthly industry release
2021-06-01,pko_stock,314792,tonnes,backfill-84,Malaysian Palm Oil Board (MPOB) monthly industry release
2021-06-01,po_export,1418494,tonnes,backfill-84,Malaysian Palm Oil Board (MPOB) monthly industry release
2021-06-01,po_import,113126,tonnes,backfill-84,Malaysian Palm Oil Board (MPOB) monthly industry release
2021-06-01,processed_po_stock,815744,tonnes,bepi,Malaysian Palm Oil Board (MPOB) monthly industry release
2021-06-01,total_po_stock,1614226,tonnes,backfill-84,Malaysian Palm Oil Board (MPOB) monthly industry release
2021-07-01,cpko_production,171860,tonnes,backfill-84,Malaysian Palm Oil Board (MPOB) monthly industry release
2021-07-01,cpo_import,6496,tonnes,backfill-84,Malaysian Palm Oil Board (MPOB) monthly industry release
2021-07-01,cpo_production,1527761,tonnes,backfill-84,Malaysian Palm Oil Board (MPOB) monthly industry release
2021-07-01,cpo_stock,705687,tonnes,bepi,Malaysian Palm Oil Board (MPOB) monthly industry release
2021-07-01,pk_production,369044,tonnes,backfill-84,Malaysian Palm Oil Board (MPOB) monthly industry release
2021-07-01,pkc_production,191253,tonnes,backfill-84,Malaysian Palm Oil Board (MPOB) monthly industry release
2021-07-01,pko_stock,287750,tonnes,backfill-84,Malaysian Palm Oil Board (MPOB) monthly industry release
2021-07-01,po_export,1402315,tonnes,backfill-84,Malaysian Palm Oil Board (MPOB) monthly industry release
2021-07-01,po_import,54381,tonnes,backfill-84,Malaysian Palm Oil Board (MPOB) monthly industry release
2021-07-01,processed_po_stock,792582,tonnes,bepi,Malaysian Palm Oil Board (MPOB) monthly industry release
2021-07-01,total_po_stock,1498269,tonnes,backfill-84,Malaysian Palm Oil Board (MPOB) monthly industry release
2021-08-01,cpko_production,191818,tonnes,backfill-84,Malaysian Palm Oil Board (MPOB) monthly industry release
2021-08-01,cpo_production,1710356,tonnes,backfill-84,Malaysian Palm Oil Board (MPOB) monthly industry release
2021-08-01,cpo_stock,952364,tonnes,bepi,Malaysian Palm Oil Board (MPOB) monthly industry release
2021-08-01,pk_production,428254,tonnes,backfill-84,Malaysian Palm Oil Board (MPOB) monthly industry release
2021-08-01,pkc_production,215205,tonnes,backfill-84,Malaysian Palm Oil Board (MPOB) monthly industry release
2021-08-01,pko_stock,294101,tonnes,backfill-84,Malaysian Palm Oil Board (MPOB) monthly industry release
2021-08-01,po_export,1167188,tonnes,backfill-84,Malaysian Palm Oil Board (MPOB) monthly industry release
2021-08-01,po_import,91408,tonnes,backfill-84,Malaysian Palm Oil Board (MPOB) monthly industry release
2021-08-01,processed_po_stock,925409,tonnes,bepi,Malaysian Palm Oil Board (MPOB) monthly industry release
2021-08-01,total_po_stock,1877773,tonnes,backfill-84,Malaysian Palm Oil Board (MPOB) monthly industry release
2021-09-01,cpko_production,193592,tonnes,backfill-84,Malaysian Palm Oil Board (MPOB) monthly industry release
2021-09-01,cpo_import,2075,tonnes,backfill-84,Malaysian Palm Oil Board (MPOB) monthly industry release
2021-09-01,cpo_production,1703740,tonnes,backfill-84,Malaysian Palm Oil Board (MPOB) monthly industry release
2021-09-01,cpo_stock,930654,tonnes,bepi,Malaysian Palm Oil Board (MPOB) monthly industry release
2021-09-01,pk_production,418328,tonnes,backfill-84,Malaysian Palm Oil Board (MPOB) monthly industry release
2021-09-01,pkc_production,215453,tonnes,backfill-84,Malaysian Palm Oil Board (MPOB) monthly industry release
2021-09-01,pko_stock,310032,tonnes,backfill-84,Malaysian Palm Oil Board (MPOB) monthly industry release
2021-09-01,po_export,1611518,tonnes,backfill-84,Malaysian Palm Oil Board (MPOB) monthly industry release
2021-09-01,po_import,74992,tonnes,backfill-84,Malaysian Palm Oil Board (MPOB) monthly industry release
2021-09-01,processed_po_stock,825750,tonnes,bepi,Malaysian Palm Oil Board (MPOB) monthly industry release
2021-09-01,total_po_stock,1756404,tonnes,backfill-84,Malaysian Palm Oil Board (MPOB) monthly industry release
2021-10-01,cpko_production,194736,tonnes,backfill-84,Malaysian Palm Oil Board (MPOB) monthly industry release
2021-10-01,cpo_import,5782,tonnes,backfill-84,Malaysian Palm Oil Board (MPOB) monthly industry release
2021-10-01,cpo_production,1725837,tonnes,backfill-84,Malaysian Palm Oil Board (MPOB) monthly industry release
2021-10-01,cpo_stock,986239,tonnes,bepi,Malaysian Palm Oil Board (MPOB) monthly industry release
2021-10-01,pk_production,412882,tonnes,backfill-84,Malaysian Palm Oil Board (MPOB) monthly industry release
2021-10-01,pkc_production,218670,tonnes,backfill-84,Malaysian Palm Oil Board (MPOB) monthly industry release
2021-10-01,pko_stock,311477,tonnes,backfill-84,Malaysian Palm Oil Board (MPOB) monthly industry release
2021-10-01,po_export,1420574,tonnes,backfill-84,Malaysian Palm Oil Board (MPOB) monthly industry release
2021-10-01,po_import,50450,tonnes,backfill-84,Malaysian Palm Oil Board (MPOB) monthly industry release
2021-10-01,processed_po_stock,848329,tonnes,bepi,Malaysian Palm Oil Board (MPOB) monthly industry release
2021-10-01,total_po_stock,1834568,tonnes,backfill-84,Malaysian Palm Oil Board (MPOB) monthly industry release
2021-11-01,cpko_production,179565,tonnes,backfill-84,Malaysian Palm Oil Board (MPOB) monthly industry release
2021-11-01,cpo_production,1634932,tonnes,backfill-84,Malaysian Palm Oil Board (MPOB) monthly industry release
2021-11-01,cpo_stock,942354,tonnes,bepi,Malaysian Palm Oil Board (MPOB) monthly industry release
2021-11-01,pk_production,388562,tonnes,backfill-84,Malaysian Palm Oil Board (MPOB) monthly industry release
2021-11-01,pkc_production,201245,tonnes,backfill-84,Malaysian Palm Oil Board (MPOB) monthly industry release
2021-11-01,pko_stock,274757,tonnes,backfill-84,Malaysian Palm Oil Board (MPOB) monthly industry release
2021-11-01,po_export,1465518,tonnes,backfill-84,Malaysian Palm Oil Board (MPOB) monthly industry release
2021-11-01,po_import,97891,tonnes,backfill-84,Malaysian Palm Oil Board (MPOB) monthly industry release
2021-11-01,processed_po_stock,874707,tonnes,bepi,Malaysian Palm Oil Board (MPOB) monthly industry release
2021-11-01,total_po_stock,1817061,tonnes,backfill-84,Malaysian Palm Oil Board (MPOB) monthly industry release
2021-12-01,cpko_production,168529,tonnes,backfill-84,Malaysian Palm Oil Board (MPOB) monthly industry release
2021-12-01,cpo_import,11804,tonnes,backfill-84,Malaysian Palm Oil Board (MPOB) monthly industry release
2021-12-01,cpo_production,1449719,tonnes,backfill-84,Malaysian Palm Oil Board (MPOB) monthly industry release
2021-12-01,cpo_stock,852877,tonnes,bepi,Malaysian Palm Oil Board (MPOB) monthly industry release
2021-12-01,ffb_price,57.53,RM,backfill-84,Malaysian Palm Oil Board (MPOB) monthly industry release
2021-12-01,pk_production,350493,tonnes,backfill-84,Malaysian Palm Oil Board (MPOB) monthly industry release
2021-12-01,pkc_production,188196,tonnes,backfill-84,Malaysian Palm Oil Board (MPOB) monthly industry release
2021-12-01,pko_stock,262332,tonnes,backfill-84,Malaysian Palm Oil Board (MPOB) monthly industry release
2021-12-01,po_export,1423821,tonnes,backfill-84,Malaysian Palm Oil Board (MPOB) monthly industry release
2021-12-01,po_import,102768,tonnes,backfill-84,Malaysian Palm Oil Board (MPOB) monthly industry release
2021-12-01,processed_po_stock,761717,tonnes,bepi,Malaysian Palm Oil Board (MPOB) monthly industry release
2021-12-01,total_po_stock,1614594,tonnes,backfill-84,Malaysian Palm Oil Board (MPOB) monthly industry release
2022-01-01,cpko_production,153173,tonnes,backfill-84,Malaysian Palm Oil Board (MPOB) monthly industry release
2022-01-01,cpo_import,8357,tonnes,backfill-84,Malaysian Palm Oil Board (MPOB) monthly industry release
2022-01-01,cpo_production,1253577,tonnes,backfill-84,Malaysian Palm Oil Board (MPOB) monthly industry release
2022-01-01,cpo_stock,787989,tonnes,bepi,Malaysian Palm Oil Board (MPOB) monthly industry release
2022-01-01,ffb_price,61.61,RM,backfill-84,Malaysian Palm Oil Board (MPOB) monthly industry release
2022-01-01,pk_production,309154,tonnes,backfill-84,Malaysian Palm Oil Board (MPOB) monthly industry release
2022-01-01,pkc_production,174810,tonnes,backfill-84,Malaysian Palm Oil Board (MPOB) monthly industry release
2022-01-01,pko_stock,260451,tonnes,backfill-84,Malaysian Palm Oil Board (MPOB) monthly industry release
2022-01-01,po_export,1159826,tonnes,backfill-84,Malaysian Palm Oil Board (MPOB) monthly industry release
2022-01-01,po_import,70596,tonnes,backfill-84,Malaysian Palm Oil Board (MPOB) monthly industry release
2022-01-01,processed_po_stock,764488,tonnes,bepi,Malaysian Palm Oil Board (MPOB) monthly industry release
2022-01-01,total_po_stock,1551151,tonnes,backfill-84,Malaysian Palm Oil Board (MPOB) monthly industry release
2022-02-01,cpko_production,126669,tonnes,backfill-84,Malaysian Palm Oil Board (MPOB) monthly industry release
2022-02-01,cpo_production,1137460,tonnes,backfill-84,Malaysian Palm Oil Board (MPOB) monthly industry release
2022-02-01,cpo_stock,785662,tonnes,bepi,Malaysian Palm Oil Board (MPOB) monthly industry release
2022-02-01,ffb_price,68.3,RM,backfill-84,Malaysian Palm Oil Board (MPOB) monthly industry release
2022-02-01,pk_production,283046,tonnes,backfill-84,Malaysian Palm Oil Board (MPOB) monthly industry release
2022-02-01,pkc_production,143073,tonnes,backfill-84,Malaysian Palm Oil Board (MPOB) monthly industry release
2022-02-01,pko_stock,263040,tonnes,backfill-84,Malaysian Palm Oil Board (MPOB) monthly industry release
2022-02-01,po_export,1111826,tonnes,backfill-84,Malaysian Palm Oil Board (MPOB) monthly industry release
2022-02-01,po_import,149780,tonnes,backfill-84,Malaysian Palm Oil Board (MPOB) monthly industry release
2022-02-01,processed_po_stock,733750,tonnes,bepi,Malaysian Palm Oil Board (MPOB) monthly industry release
2022-02-01,total_po_stock,1518238,tonnes,backfill-84,Malaysian Palm Oil Board (MPOB) monthly industry release
2022-03-01,cpko_production,160693,tonnes,backfill-84,Malaysian Palm Oil Board (MPOB) monthly industry release
2022-03-01,cpo_production,1411215,tonnes,backfill-84,Malaysian Palm Oil Board (MPOB) monthly industry release
2022-03-01,cpo_stock,765574,tonnes,bepi,Malaysian Palm Oil Board (MPOB) monthly industry release
2022-03-01,ffb_price,76.96,RM,backfill-84,Malaysian Palm Oil Board (MPOB) monthly industry release
2022-03-01,pk_production,359165,tonnes,backfill-84,Malaysian Palm Oil Board (MPOB) monthly industry release
2022-03-01,pkc_production,180516,tonnes,backfill-84,Malaysian Palm Oil Board (MPOB) monthly industry release
2022-03-01,pko_stock,276758,tonnes,backfill-84,Malaysian Palm Oil Board (MPOB) monthly industry release
2022-03-01,po_export,1281739,tonnes,backfill-84,Malaysian Palm Oil Board (MPOB) monthly industry release
2022-03-01,po_import,84871,tonnes,backfill-84,Malaysian Palm Oil Board (MPOB) monthly industry release
2022-03-01,processed_po_stock,708764,tonnes,bepi,Malaysian Palm Oil Board (MPOB) monthly industry release
2022-03-01,total_po_stock,1472844,tonnes,backfill-84,Malaysian Palm Oil Board (MPOB) monthly industry release
2022-04-01,cpko_production,168068,tonnes,backfill-84,Malaysian Palm Oil Board (MPOB) monthly industry release
2022-04-01,cpo_import,6931,tonnes,backfill-84,Malaysian Palm Oil Board (MPOB) monthly industry release
2022-04-01,cpo_production,1462050,tonnes,backfill-84,Malaysian Palm Oil Board (MPOB) monthly industry release
2022-04-01,cpo_stock,902769,tonnes,bepi,Malaysian Palm Oil Board (MPOB) monthly industry release
2022-04-01,ffb_price,73.68,RM,backfill-84,Malaysian Palm Oil Board (MPOB) monthly industry release
2022-04-01,pk_production,367159,tonnes,backfill-84,Malaysian Palm Oil Board (MPOB) monthly industry release
2022-04-01,pkc_production,191019,tonnes,backfill-84,Malaysian Palm Oil Board (MPOB) monthly industry release
2022-04-01,pko_stock,297977,tonnes,backfill-84,Malaysian Palm Oil Board (MPOB) monthly industry release
2022-04-01,po_export,1073038,tonnes,backfill-84,Malaysian Palm Oil Board (MPOB) monthly industry release
2022-04-01,po_import,76770,tonnes,backfill-84,Malaysian Palm Oil Board (MPOB) monthly industry release
2022-04-01,processed_po_stock,741205,tonnes,bepi,Malaysian Palm Oil Board (MPOB) monthly industry release
2022-04-01,total_po_stock,1642811,tonnes,backfill-84,Malaysian Palm Oil Board (MPOB) monthly industry release
2022-05-01,cpko_production,158408,tonnes,backfill-84,Malaysian Palm Oil Board (MPOB) monthly industry release
2022-05-01,cpo_production,1460972,tonnes,backfill-84,Malaysian Palm Oil Board (MPOB) monthly industry release
2022-05-01,cpo_stock,833373,tonnes,bepi,Malaysian Palm Oil Board (MPOB) monthly industry release
2022-05-01,ffb_price,74.26,RM,backfill-84,Malaysian Palm Oil Board (MPOB) monthly industry release
2022-05-01,pk_production,354895,tonnes,backfill-84,Malaysian Palm Oil Board (MPOB) monthly industry release
2022-05-01,pkc_production,179224,tonnes,backfill-84,Malaysian Palm Oil Board (MPOB) monthly industry release
2022-05-01,pko_stock,290753,tonnes,backfill-84,Malaysian Palm Oil Board (MPOB) monthly industry release
2022-05-01,po_export,1359174,tonnes,backfill-84,Malaysian Palm Oil Board (MPOB) monthly industry release
2022-05-01,po_import,50768,tonnes,backfill-84,Malaysian Palm Oil Board (MPOB) monthly industry release
2022-05-01,processed_po_stock,689935,tonnes,bepi,Malaysian Palm Oil Board (MPOB) monthly industry release
2022-05-01,total_po_stock,1521766,tonnes,backfill-84,Malaysian Palm Oil Board (MPOB) monthly industry release
2022-06-01,cpo_stock,882797,tonnes,bepi,Malaysian Palm Oil Board (MPOB) monthly industry release
2022-06-01,processed_po_stock,763039,tonnes,bepi,Malaysian Palm Oil Board (MPOB) monthly industry release
2022-06-01,total_po_stock,1645836,tonnes,bepi,Malaysian Palm Oil Board (MPOB) monthly industry release
2022-07-01,cpo_stock,907450,tonnes,bepi,Malaysian Palm Oil Board (MPOB) monthly industry release
2022-07-01,processed_po_stock,866858,tonnes,bepi,Malaysian Palm Oil Board (MPOB) monthly industry release
2022-07-01,total_po_stock,1774308,tonnes,bepi,Malaysian Palm Oil Board (MPOB) monthly industry release
2022-08-01,cpo_stock,1025972,tonnes,bepi,Malaysian Palm Oil Board (MPOB) monthly industry release
2022-08-01,processed_po_stock,1068706,tonnes,bepi,Malaysian Palm Oil Board (MPOB) monthly industry release
2022-08-01,total_po_stock,2094678,tonnes,bepi,Malaysian Palm Oil Board (MPOB) monthly industry release
2022-09-01,cpo_stock,1278693,tonnes,bepi,Malaysian Palm Oil Board (MPOB) monthly industry release
2022-09-01,processed_po_stock,1039509,tonnes,bepi,Malaysian Palm Oil Board (MPOB) monthly industry release
2022-09-01,total_po_stock,2318202,tonnes,bepi,Malaysian Palm Oil Board (MPOB) monthly industry release
2022-10-01,cpo_stock,1313823,tonnes,bepi,Malaysian Palm Oil Board (MPOB) monthly industry release
2022-10-01,processed_po_stock,1097290,tonnes,bepi,Malaysian Palm Oil Board (MPOB) monthly industry release
2022-10-01,total_po_stock,2411113,tonnes,bepi,Malaysian Palm Oil Board (MPOB) monthly industry release
2022-11-01,cpo_stock,1306355,tonnes,bepi,Malaysian Palm Oil Board (MPOB) monthly industry release
2022-11-01,processed_po_stock,984936,tonnes,bepi,Malaysian Palm Oil Board (MPOB) monthly industry release
2022-11-01,total_po_stock,2291291,tonnes,bepi,Malaysian Palm Oil Board (MPOB) monthly industry release
2022-12-01,cpo_stock,1293873,tonnes,bepi,Malaysian Palm Oil Board (MPOB) monthly industry release
2022-12-01,processed_po_stock,902701,tonnes,bepi,Malaysian Palm Oil Board (MPOB) monthly industry release
2022-12-01,total_po_stock,2196574,tonnes,bepi,Malaysian Palm Oil Board (MPOB) monthly industry release
2023-01-01,cpo_stock,1256705,tonnes,bepi,Malaysian Palm Oil Board (MPOB) monthly industry release
2023-01-01,processed_po_stock,1011493,tonnes,bepi,Malaysian Palm Oil Board (MPOB) monthly industry release
2023-01-01,total_po_stock,2268198,tonnes,bepi,Malaysian Palm Oil Board (MPOB) monthly industry release
2023-02-01,cpo_stock,1160397,tonnes,bepi,Malaysian Palm Oil Board (MPOB) monthly industry release
2023-02-01,processed_po_stock,959457,tonnes,bepi,Malaysian Palm Oil Board (MPOB) monthly industry release
2023-02-01,total_po_stock,2119854,tonnes,bepi,Malaysian Palm Oil Board (MPOB) monthly industry release
2023-03-01,cpo_stock,891961,tonnes,bepi,Malaysian Palm Oil Board (MPOB) monthly industry release
2023-03-01,processed_po_stock,782061,tonnes,bepi,Malaysian Palm Oil Board (MPOB) monthly industry release
2023-03-01,total_po_stock,1674022,tonnes,bepi,Malaysian Palm Oil Board (MPOB) monthly industry release
2023-04-01,cpo_stock,833226,tonnes,bepi,Malaysian Palm Oil Board (MPOB) monthly industry release
2023-04-01,processed_po_stock,664651,tonnes,bepi,Malaysian Palm Oil Board (MPOB) monthly industry release
2023-04-01,total_po_stock,1497877,tonnes,bepi,Malaysian Palm Oil Board (MPOB) monthly industry release
2023-05-01,cpo_stock,923396,tonnes,bepi,Malaysian Palm Oil Board (MPOB) monthly industry release
2023-05-01,processed_po_stock,766808,tonnes,bepi,Malaysian Palm Oil Board (MPOB) monthly industry release
2023-05-01,total_po_stock,1690204,tonnes,bepi,Malaysian Palm Oil Board (MPOB) monthly industry release
2023-06-01,cpo_stock,917013,tonnes,bepi,Malaysian Palm Oil Board (MPOB) monthly industry release
2023-06-01,processed_po_stock,801758,tonnes,bepi,Malaysian Palm Oil Board (MPOB) monthly industry release
2023-06-01,total_po_stock,1718771,tonnes,bepi,Malaysian Palm Oil Board (MPOB) monthly industry release
2023-07-01,cpo_stock,886127,tonnes,bepi,Malaysian Palm Oil Board (MPOB) monthly industry release
2023-07-01,processed_po_stock,847773,tonnes,bepi,Malaysian Palm Oil Board (MPOB) monthly industry release
2023-07-01,total_po_stock,1733900,tonnes,bepi,Malaysian Palm Oil Board (MPOB) monthly industry release
2023-08-01,cpo_stock,1200077,tonnes,bepi,Malaysian Palm Oil Board (MPOB) monthly industry release
2023-08-01,processed_po_stock,910903,tonnes,bepi,Malaysian Palm Oil Board (MPOB) monthly industry release
2023-08-01,total_po_stock,2110980,tonnes,bepi,Malaysian Palm Oil Board (MPOB) monthly industry release
2023-09-01,cpo_stock,1369604,tonnes,bepi,Malaysian Palm Oil Board (MPOB) monthly industry release
2023-09-01,processed_po_stock,942725,tonnes,bepi,Malaysian Palm Oil Board (MPOB) monthly industry release
2023-09-01,total_po_stock,2312329,tonnes,bepi,Malaysian Palm Oil Board (MPOB) monthly industry release
2023-10-01,cpo_stock,1394671,tonnes,bepi,Malaysian Palm Oil Board (MPOB) monthly industry release
2023-10-01,processed_po_stock,1052367,tonnes,bepi,Malaysian Palm Oil Board (MPOB) monthly industry release
2023-10-01,total_po_stock,2447038,tonnes,bepi,Malaysian Palm Oil Board (MPOB) monthly industry release
2023-11-01,cpo_stock,1322662,tonnes,bepi,Malaysian Palm Oil Board (MPOB) monthly industry release
2023-11-01,processed_po_stock,1079949,tonnes,bepi,Malaysian Palm Oil Board (MPOB) monthly industry release
2023-11-01,total_po_stock,2402611,tonnes,bepi,Malaysian Palm Oil Board (MPOB) monthly industry release
2023-12-01,cpko_production,191236,tonnes,backfill-84,Malaysian Palm Oil Board (MPOB) monthly industry release
2023-12-01,cpo_import,11103,tonnes,backfill-84,Malaysian Palm Oil Board (MPOB) monthly industry release
2023-12-01,cpo_production,1550796,tonnes,backfill-84,Malaysian Palm Oil Board (MPOB) monthly industry release
2023-12-01,cpo_stock,1197668,tonnes,bepi,Malaysian Palm Oil Board (MPOB) monthly industry release
2023-12-01,ffb_price,38.02,RM,backfill-84,Malaysian Palm Oil Board (MPOB) monthly industry release
2023-12-01,pk_production,371204,tonnes,backfill-84,Malaysian Palm Oil Board (MPOB) monthly industry release
2023-12-01,pkc_production,210383,tonnes,backfill-84,Malaysian Palm Oil Board (MPOB) monthly industry release
2023-12-01,pko_stock,418759,tonnes,backfill-84,Malaysian Palm Oil Board (MPOB) monthly industry release
2023-12-01,po_export,1362145,tonnes,backfill-84,Malaysian Palm Oil Board (MPOB) monthly industry release
2023-12-01,po_import,40062,tonnes,backfill-84,Malaysian Palm Oil Board (MPOB) monthly industry release
2023-12-01,processed_po_stock,1093125,tonnes,bepi,Malaysian Palm Oil Board (MPOB) monthly industry release
2023-12-01,total_po_stock,2290793,tonnes,backfill-84,Malaysian Palm Oil Board (MPOB) monthly industry release
2024-01-01,cpko_production,161629,tonnes,backfill-84,Malaysian Palm Oil Board (MPOB) monthly industry release
2024-01-01,cpo_import,3951,tonnes,backfill-84,Malaysian Palm Oil Board (MPOB) monthly industry release
2024-01-01,cpo_production,1402355,tonnes,backfill-84,Malaysian Palm Oil Board (MPOB) monthly industry release
2024-01-01,cpo_stock,1056170,tonnes,bepi,Malaysian Palm Oil Board (MPOB) monthly industry release
2024-01-01,ffb_price,39.28,RM,backfill-84,Malaysian Palm Oil Board (MPOB) monthly industry release
2024-01-01,pk_production,341747,tonnes,backfill-84,Malaysian Palm Oil Board (MPOB) monthly industry release
2024-01-01,pkc_production,177825,tonnes,backfill-84,Malaysian Palm Oil Board (MPOB) monthly industry release
2024-01-01,pko_stock,399631,tonnes,backfill-84,Malaysian Palm Oil Board (MPOB) monthly industry release
2024-01-01,po_export,1349479,tonnes,backfill-84,Malaysian Palm Oil Board (MPOB) monthly industry release
2024-01-01,po_import,29494,tonnes,backfill-84,Malaysian Palm Oil Board (MPOB) monthly industry release
2024-01-01,processed_po_stock,964224,tonnes,bepi,Malaysian Palm Oil Board (MPOB) monthly industry release
2024-01-01,total_po_stock,2020191,tonnes,backfill-84,Malaysian Palm Oil Board (MPOB) monthly industry release
2024-02-01,cpko_production,139336,tonnes,backfill-84,Malaysian Palm Oil Board (MPOB) monthly industry release
2024-02-01,cpo_import,8592,tonnes,backfill-84,Malaysian Palm Oil Board (MPOB) monthly industry release
2024-02-01,cpo_production,1259383,tonnes,backfill-84,Malaysian Palm Oil Board (MPOB) monthly industry release
2024-02-01,cpo_stock,1025982,tonnes,bepi,Malaysian Palm Oil Board (MPOB) monthly industry release
2024-02-01,ffb_price,41.03,RM,backfill-84,Malaysian Palm Oil Board (MPOB) monthly industry release
2024-02-01,pk_production,301671,tonnes,backfill-84,Malaysian Palm Oil Board (MPOB) monthly industry release
2024-02-01,pkc_production,153119,tonnes,backfill-84,Malaysian Palm Oil Board (MPOB) monthly industry release
2024-02-01,pko_stock,365127,tonnes,backfill-84,Malaysian Palm Oil Board (MPOB) monthly industry release
2024-02-01,po_export,1024539,tonnes,backfill-84,Malaysian Palm Oil Board (MPOB) monthly industry release
2024-02-01,po_import,32556,tonnes,backfill-84,Malaysian Palm Oil Board (MPOB) monthly industry release
2024-02-01,processed_po_stock,894364,tonnes,bepi,Malaysian Palm Oil Board (MPOB) monthly industry release
2024-02-01,total_po_stock,1920113,tonnes,backfill-84,Malaysian Palm Oil Board (MPOB) monthly industry release
2024-03-01,cpko_production,166508,tonnes,backfill-84,Malaysian Palm Oil Board (MPOB) monthly industry release
2024-03-01,cpo_production,1392471,tonnes,backfill-84,Malaysian Palm Oil Board (MPOB) monthly industry release
2024-03-01,cpo_stock,796419,tonnes,bepi,Malaysian Palm Oil Board (MPOB) monthly industry release
2024-03-01,ffb_price,44.36,RM,backfill-84,Malaysian Palm Oil Board (MPOB) monthly industry release
2024-03-01,pk_production,343850,tonnes,backfill-84,Malaysian Palm Oil Board (MPOB) monthly industry release
2024-03-01,pkc_production,181010,tonnes,backfill-84,Malaysian Palm Oil Board (MPOB) monthly industry release
2024-03-01,pko_stock,351607,tonnes,backfill-84,Malaysian Palm Oil Board (MPOB) monthly industry release
2024-03-01,po_export,1329120,tonnes,backfill-84,Malaysian Palm Oil Board (MPOB) monthly industry release
2024-03-01,po_import,21894,tonnes,backfill-84,Malaysian Palm Oil Board (MPOB) monthly industry release
2024-03-01,processed_po_stock,916238,tonnes,bepi,Malaysian Palm Oil Board (MPOB) monthly industry release
2024-03-01,total_po_stock,1712554,tonnes,backfill-84,Malaysian Palm Oil Board (MPOB) monthly industry release
2024-04-01,cpko_production,154134,tonnes,backfill-84,Malaysian Palm Oil Board (MPOB) monthly industry release
2024-04-01,cpo_production,1501905,tonnes,backfill-84,Malaysian Palm Oil Board (MPOB) monthly industry release
2024-04-01,cpo_stock,963884,tonnes,bepi,Malaysian Palm Oil Board (MPOB) monthly industry release
2024-04-01,ffb_price,45.01,RM,backfill-84,Malaysian Palm Oil Board (MPOB) monthly industry release
2024-04-01,pk_production,367420,tonnes,backfill-84,Malaysian Palm Oil Board (MPOB) monthly industry release
2024-04-01,pkc_production,171746,tonnes,backfill-84,Malaysian Palm Oil Board (MPOB) monthly industry release
2024-04-01,pko_stock,347034,tonnes,backfill-84,Malaysian Palm Oil Board (MPOB) monthly industry release
2024-04-01,po_export,1236523,tonnes,backfill-84,Malaysian Palm Oil Board (MPOB) monthly industry release
2024-04-01,po_import,34762,tonnes,backfill-84,Malaysian Palm Oil Board (MPOB) monthly industry release
2024-04-01,processed_po_stock,780989,tonnes,bepi,Malaysian Palm Oil Board (MPOB) monthly industry release
2024-04-01,total_po_stock,1744695,tonnes,backfill-84,Malaysian Palm Oil Board (MPOB) monthly industry release
2024-05-01,cpko_production,194180,tonnes,backfill-84,Malaysian Palm Oil Board (MPOB) monthly industry release
2024-05-01,cpo_production,1704495,tonnes,backfill-84,Malaysian Palm Oil Board (MPOB) monthly industry release
2024-05-01,cpo_stock,979019,tonnes,bepi,Malaysian Palm Oil Board (MPOB) monthly industry release
2024-05-01,ffb_price,41.07,RM,backfill-84,Malaysian Palm Oil Board (MPOB) monthly industry release
2024-05-01,pk_production,408326,tonnes,backfill-84,Malaysian Palm Oil Board (MPOB) monthly industry release
2024-05-01,pkc_production,212539,tonnes,backfill-84,Malaysian Palm Oil Board (MPOB) monthly industry release
2024-05-01,pko_stock,357421,tonnes,backfill-84,Malaysian Palm Oil Board (MPOB) monthly industry release
2024-05-01,po_export,1385079,tonnes,backfill-84,Malaysian Palm Oil Board (MPOB) monthly industry release
2024-05-01,po_import,20761,tonnes,backfill-84,Malaysian Palm Oil Board (MPOB) monthly industry release
2024-05-01,processed_po_stock,774646,tonnes,bepi,Malaysian Palm Oil Board (MPOB) monthly industry release
2024-05-01,total_po_stock,1753469,tonnes,backfill-84,Malaysian Palm Oil Board (MPOB) monthly industry release
2024-06-01,cpko_production,171008,tonnes,backfill-84,Malaysian Palm Oil Board (MPOB) monthly industry release
2024-06-01,cpo_production,1615283,tonnes,backfill-84,Malaysian Palm Oil Board (MPOB) monthly industry release
2024-06-01,cpo_stock,925165,tonnes,bepi,Malaysian Palm Oil Board (MPOB) monthly industry release
2024-06-01,ffb_price,41.87,RM,backfill-84,Malaysian Palm Oil Board (MPOB) monthly industry release
2024-06-01,pk_production,367852,tonnes,backfill-84,Malaysian Palm Oil Board (MPOB) monthly industry release
2024-06-01,pkc_production,187531,tonnes,backfill-84,Malaysian Palm Oil Board (MPOB) monthly industry release
2024-06-01,pko_stock,326711,tonnes,backfill-84,Malaysian Palm Oil Board (MPOB) monthly industry release
2024-06-01,po_export,1210309,tonnes,backfill-84,Malaysian Palm Oil Board (MPOB) monthly industry release
2024-06-01,po_import,11738,tonnes,backfill-84,Malaysian Palm Oil Board (MPOB) monthly industry release
2024-06-01,processed_po_stock,906406,tonnes,bepi,Malaysian Palm Oil Board (MPOB) monthly industry release
2024-06-01,total_po_stock,1831239,tonnes,backfill-84,Malaysian Palm Oil Board (MPOB) monthly industry release
2024-07-01,cpko_production,205829,tonnes,backfill-84,Malaysian Palm Oil Board (MPOB) monthly industry release
2024-07-01,cpo_import,504,tonnes,backfill-84,Malaysian Palm Oil Board (MPOB) monthly industry release
2024-07-01,cpo_production,1840999,tonnes,backfill-84,Malaysian Palm Oil Board (MPOB) monthly industry release
2024-07-01,cpo_stock,930099,tonnes,bepi,Malaysian Palm Oil Board (MPOB) monthly industry release
2024-07-01,ffb_price,43.2,RM,backfill-84,Malaysian Palm Oil Board (MPOB) monthly industry release
2024-07-01,pk_production,427342,tonnes,backfill-84,Malaysian Palm Oil Board (MPOB) monthly industry release
2024-07-01,pkc_production,226647,tonnes,backfill-84,Malaysian Palm Oil Board (MPOB) monthly industry release
2024-07-01,pko_stock,332155,tonnes,backfill-84,Malaysian Palm Oil Board (MPOB) monthly industry release
2024-07-01,po_export,1698536,tonnes,backfill-84,Malaysian Palm Oil Board (MPOB) monthly industry release
2024-07-01,po_import,10483,tonnes,backfill-84,Malaysian Palm Oil Board (MPOB) monthly industry release
2024-07-01,processed_po_stock,824506,tonnes,bepi,Malaysian Palm Oil Board (MPOB) monthly industry release
2024-07-01,total_po_stock,1754384,tonnes,backfill-84,Malaysian Palm Oil Board (MPOB) monthly industry release
2024-08-01,cpko_production,207194,tonnes,backfill-84,Malaysian Palm Oil Board (MPOB) monthly industry release
2024-08-01,cpo_production,1893859,tonnes,backfill-84,Malaysian Palm Oil Board (MPOB) monthly industry release
2024-08-01,cpo_stock,953145,tonnes,bepi,Malaysian Palm Oil Board (MPOB) monthly industry release
2024-08-01,ffb_price,41.81,RM,backfill-84,Malaysian Palm Oil Board (MPOB) monthly industry release
2024-08-01,pk_production,455976,tonnes,backfill-84,Malaysian Palm Oil Board (MPOB) monthly industry release
2024-08-01,pkc_production,227302,tonnes,backfill-84,Malaysian Palm Oil Board (MPOB) monthly industry release
2024-08-01,pko_stock,374917,tonnes,backfill-84,Malaysian Palm Oil Board (MPOB) monthly industry release
2024-08-01,po_export,1532905,tonnes,backfill-84,Malaysian Palm Oil Board (MPOB) monthly industry release
2024-08-01,po_import,9970,tonnes,backfill-84,Malaysian Palm Oil Board (MPOB) monthly industry release
2024-08-01,processed_po_stock,930320,tonnes,bepi,Malaysian Palm Oil Board (MPOB) monthly industry release
2024-08-01,total_po_stock,1883328,tonnes,backfill-84,Malaysian Palm Oil Board (MPOB) monthly industry release
2024-09-01,cpko_production,193836,tonnes,backfill-84,Malaysian Palm Oil Board (MPOB) monthly industry release
2024-09-01,cpo_production,1821933,tonnes,backfill-84,Malaysian Palm Oil Board (MPOB) monthly industry release
2024-09-01,cpo_stock,1054973,tonnes,bepi,Malaysian Palm Oil Board (MPOB) monthly industry release
2024-09-01,ffb_price,42.84,RM,backfill-84,Malaysian Palm Oil Board (MPOB) monthly industry release
2024-09-01,pk_production,433785,tonnes,backfill-84,Malaysian Palm Oil Board (MPOB) monthly industry release
2024-09-01,pkc_production,215166,tonnes,backfill-84,Malaysian Palm Oil Board (MPOB) monthly industry release
2024-09-01,pko_stock,360672,tonnes,backfill-84,Malaysian Palm Oil Board (MPOB) monthly industry release
2024-09-01,po_export,1559868,tonnes,backfill-84,Malaysian Palm Oil Board (MPOB) monthly industry release
2024-09-01,po_import,5482,tonnes,backfill-84,Malaysian Palm Oil Board (MPOB) monthly industry release
2024-09-01,processed_po_stock,957137,tonnes,bepi,Malaysian Palm Oil Board (MPOB) monthly industry release
2024-09-01,total_po_stock,2011768,tonnes,backfill-84,Malaysian Palm Oil Board (MPOB) monthly industry release
2024-10-01,cpko_production,209148,tonnes,backfill-84,Malaysian Palm Oil Board (MPOB) monthly industry release
2024-10-01,cpo_production,1797348,tonnes,backfill-84,Malaysian Palm Oil Board (MPOB) monthly industry release
2024-10-01,cpo_stock,943472,tonnes,bepi,Malaysian Palm Oil Board (MPOB) monthly industry release
2024-10-01,ffb_price,47.03,RM,backfill-84,Malaysian Palm Oil Board (MPOB) monthly industry release
2024-10-01,pk_production,416058,tonnes,backfill-84,Malaysian Palm Oil Board (MPOB) monthly industry release
2024-10-01,pkc_production,232637,tonnes,backfill-84,Malaysian Palm Oil Board (MPOB) monthly industry release
2024-10-01,pko_stock,311520,tonnes,backfill-84,Malaysian Palm Oil Board (MPOB) monthly industry release
2024-10-01,po_export,1744265,tonnes,backfill-84,Malaysian Palm Oil Board (MPOB) monthly industry release
2024-10-01,po_import,16347,tonnes,backfill-84,Malaysian Palm Oil Board (MPOB) monthly industry release
2024-10-01,processed_po_stock,941722,tonnes,bepi,Malaysian Palm Oil Board (MPOB) monthly industry release
2024-10-01,total_po_stock,1885183,tonnes,backfill-84,Malaysian Palm Oil Board (MPOB) monthly industry release
2024-11-01,cpko_production,176302,tonnes,backfill-84,Malaysian Palm Oil Board (MPOB) monthly industry release
2024-11-01,cpo_production,1621294,tonnes,backfill-84,Malaysian Palm Oil Board (MPOB) monthly industry release
2024-11-01,cpo_stock,907494,tonnes,bepi,Malaysian Palm Oil Board (MPOB) monthly industry release
2024-11-01,ffb_price,55.52,RM,backfill-84,Malaysian Palm Oil Board (MPOB) monthly industry release
2024-11-01,pk_production,361340,tonnes,backfill-84,Malaysian Palm Oil Board (MPOB) monthly industry release
2024-11-01,pkc_production,197095,tonnes,backfill-84,Malaysian Palm Oil Board (MPOB) monthly industry release
2024-11-01,pko_stock,285610,tonnes,backfill-84,Malaysian Palm Oil Board (MPOB) monthly industry release
2024-11-01,po_export,1487212,tonnes,backfill-84,Malaysian Palm Oil Board (MPOB) monthly industry release
2024-11-01,po_import,22081,tonnes,backfill-84,Malaysian Palm Oil Board (MPOB) monthly industry release
2024-11-01,processed_po_stock,928147,tonnes,bepi,Malaysian Palm Oil Board (MPOB) monthly industry release
2024-11-01,total_po_stock,1836167,tonnes,backfill-84,Malaysian Palm Oil Board (MPOB) monthly industry release
2024-12-01,cpko_production,156926,tonnes,backfill-84,Malaysian Palm Oil Board (MPOB) monthly industry release
2024-12-01,cpo_production,1486942,tonnes,backfill-84,Malaysian Palm Oil Board (MPOB) monthly industry release
2024-12-01,cpo_stock,894330,tonnes,bepi,Malaysian Palm Oil Board (MPOB) monthly industry release
2024-12-01,ffb_price,56.71,RM,backfill-84,Malaysian Palm Oil Board (MPOB) monthly industry release
2024-12-01,pk_production,336558,tonnes,backfill-84,Malaysian Palm Oil Board (MPOB) monthly industry release
2024-12-01,pkc_production,172826,tonnes,backfill-84,Malaysian Palm Oil Board (MPOB) monthly industry release
2024-12-01,pko_stock,273916,tonnes,backfill-84,Malaysian Palm Oil Board (MPOB) monthly industry release
2024-12-01,po_export,1341936,tonnes,backfill-84,Malaysian Palm Oil Board (MPOB) monthly industry release
2024-12-01,po_import,37917,tonnes,backfill-84,Malaysian Palm Oil Board (MPOB) monthly industry release
2024-12-01,processed_po_stock,814426,tonnes,bepi,Malaysian Palm Oil Board (MPOB) monthly industry release
2024-12-01,total_po_stock,1708756,tonnes,backfill-84,Malaysian Palm Oil Board (MPOB) monthly industry release
2025-01-01,cpko_production,137158,tonnes,backfill-84,Malaysian Palm Oil Board (MPOB) monthly industry release
2025-01-01,cpo_import,7816,tonnes,backfill-84,Malaysian Palm Oil Board (MPOB) monthly industry release
2025-01-01,cpo_production,1239895,tonnes,backfill-84,Malaysian Palm Oil Board (MPOB) monthly industry release
2025-01-01,cpo_stock,789094,tonnes,bepi,Malaysian Palm Oil Board (MPOB) monthly industry release
2025-01-01,ffb_price,51.88,RM,backfill-84,Malaysian Palm Oil Board (MPOB) monthly industry release
2025-01-01,pk_production,291524,tonnes,backfill-84,Malaysian Palm Oil Board (MPOB) monthly industry release
2025-01-01,pkc_production,151813,tonnes,backfill-84,Malaysian Palm Oil Board (MPOB) monthly industry release
2025-01-01,pko_stock,282483,tonnes,backfill-84,Malaysian Palm Oil Board (MPOB) monthly industry release
2025-01-01,po_export,1179874,tonnes,backfill-84,Malaysian Palm Oil Board (MPOB) monthly industry release
2025-01-01,po_import,88474,tonnes,backfill-84,Malaysian Palm Oil Board (MPOB) monthly industry release
2025-01-01,processed_po_stock,791840,tonnes,bepi,Malaysian Palm Oil Board (MPOB) monthly industry release
2025-01-01,total_po_stock,1580934,tonnes,backfill-84,Malaysian Palm Oil Board (MPOB) monthly industry release
2025-02-01,cpko_production,130146,tonnes,backfill-84,Malaysian Palm Oil Board (MPOB) monthly industry release
2025-02-01,cpo_production,1188443,tonnes,backfill-84,Malaysian Palm Oil Board (MPOB) monthly industry release
2025-02-01,cpo_stock,825943,tonnes,bepi,Malaysian Palm Oil Board (MPOB) monthly industry release
2025-02-01,ffb_price,52.75,RM,backfill-84,Malaysian Palm Oil Board (MPOB) monthly industry release
2025-02-01,pk_production,284959,tonnes,backfill-84,Malaysian Palm Oil Board (MPOB) monthly industry release
2025-02-01,pkc_production,142997,tonnes,backfill-84,Malaysian Palm Oil Board (MPOB) monthly industry release
2025-02-01,pko_stock,276430,tonnes,backfill-84,Malaysian Palm Oil Board (MPOB) monthly industry release
2025-02-01,po_export,996463,tonnes,backfill-84,Malaysian Palm Oil Board (MPOB) monthly industry release
2025-02-01,po_import,66784,tonnes,backfill-84,Malaysian Palm Oil Board (MPOB) monthly industry release
2025-02-01,processed_po_stock,683999,tonnes,bepi,Malaysian Palm Oil Board (MPOB) monthly industry release
2025-02-01,total_po_stock,1509942,tonnes,backfill-84,Malaysian Palm Oil Board (MPOB) monthly industry release
2025-03-01,cpko_production,149923,tonnes,backfill-84,Malaysian Palm Oil Board (MPOB) monthly industry release
2025-03-01,cpo_production,1387616,tonnes,backfill-84,Malaysian Palm Oil Board (MPOB) monthly industry release
2025-03-01,cpo_stock,779046,tonnes,bepi,Malaysian Palm Oil Board (MPOB) monthly industry release
2025-03-01,ffb_price,52.5,RM,backfill-84,Malaysian Palm Oil Board (MPOB) monthly industry release
2025-03-01,pk_production,336921,tonnes,backfill-84,Malaysian Palm Oil Board (MPOB) monthly industry release
2025-03-01,pkc_production,172651,tonnes,backfill-84,Malaysian Palm Oil Board (MPOB) monthly industry release
2025-03-01,pko_stock,270434,tonnes,backfill-84,Malaysian Palm Oil Board (MPOB) monthly industry release
2025-03-01,po_export,1005664,tonnes,backfill-84,Malaysian Palm Oil Board (MPOB) monthly industry release
2025-03-01,po_import,121886,tonnes,backfill-84,Malaysian Palm Oil Board (MPOB) monthly industry release
2025-03-01,processed_po_stock,784785,tonnes,bepi,Malaysian Palm Oil Board (MPOB) monthly industry release
2025-03-01,total_po_stock,1563831,tonnes,backfill-84,Malaysian Palm Oil Board (MPOB) monthly industry release
2025-04-01,cpko_production,176644,tonnes,backfill-84,Malaysian Palm Oil Board (MPOB) monthly industry release
2025-04-01,cpo_production,1686379,tonnes,backfill-84,Malaysian Palm Oil Board (MPOB) monthly industry release
2025-04-01,cpo_stock,1050863,tonnes,bepi,Malaysian Palm Oil Board (MPOB) monthly industry release
2025-04-01,ffb_price,47.96,RM,backfill-84,Malaysian Palm Oil Board (MPOB) monthly industry release
2025-04-01,pk_production,409097,tonnes,backfill-84,Malaysian Palm Oil Board (MPOB) monthly industry release
2025-04-01,pkc_production,192857,tonnes,backfill-84,Malaysian Palm Oil Board (MPOB) monthly industry release
2025-04-01,pko_stock,307299,tonnes,backfill-84,Malaysian Palm Oil Board (MPOB) monthly industry release
2025-04-01,po_export,1104359,tonnes,backfill-84,Malaysian Palm Oil Board (MPOB) monthly industry release
2025-04-01,po_import,58292,tonnes,backfill-84,Malaysian Palm Oil Board (MPOB) monthly industry release
2025-04-01,processed_po_stock,814673,tonnes,bepi,Malaysian Palm Oil Board (MPOB) monthly industry release
2025-04-01,total_po_stock,1865536,tonnes,backfill-84,Malaysian Palm Oil Board (MPOB) monthly industry release
2025-05-01,cpko_production,210512,tonnes,backfill-84,Malaysian Palm Oil Board (MPOB) monthly industry release
2025-05-01,cpo_production,1771621,tonnes,backfill-84,Malaysian Palm Oil Board (MPOB) monthly industry release
2025-05-01,cpo_stock,1101729,tonnes,bepi,Malaysian Palm Oil Board (MPOB) monthly industry release
2025-05-01,ffb_price,43.2,RM,backfill-84,Malaysian Palm Oil Board (MPOB) monthly industry release
2025-05-01,pk_production,420658,tonnes,backfill-84,Malaysian Palm Oil Board (MPOB) monthly industry release
2025-05-01,pkc_production,231568,tonnes,backfill-84,Malaysian Palm Oil Board (MPOB) monthly industry release
2025-05-01,pko_stock,288114,tonnes,backfill-84,Malaysian Palm Oil Board (MPOB) monthly industry release
2025-05-01,po_export,1407603,tonnes,backfill-84,Malaysian Palm Oil Board (MPOB) monthly industry release
2025-05-01,po_import,68971,tonnes,backfill-84,Malaysian Palm Oil Board (MPOB) monthly industry release
2025-05-01,processed_po_stock,881166,tonnes,bepi,Malaysian Palm Oil Board (MPOB) monthly industry release
2025-05-01,total_po_stock,1982895,tonnes,backfill-84,Malaysian Palm Oil Board (MPOB) monthly industry release
2025-06-01,cpko_production,192665,tonnes,backfill-84,Malaysian Palm Oil Board (MPOB) monthly industry release
2025-06-01,cpo_production,1692370,tonnes,backfill-84,Malaysian Palm Oil Board (MPOB) monthly industry release
2025-06-01,cpo_stock,1041768,tonnes,bepi,Malaysian Palm Oil Board (MPOB) monthly industry release
2025-06-01,ffb_price,42.63,RM,backfill-84,Malaysian Palm Oil Board (MPOB) monthly industry release
2025-06-01,pk_production,396879,tonnes,backfill-84,Malaysian Palm Oil Board (MPOB) monthly industry release
2025-06-01,pkc_production,213398,tonnes,backfill-84,Malaysian Palm Oil Board (MPOB) monthly industry release
2025-06-01,pko_stock,286520,tonnes,backfill-84,Malaysian Palm Oil Board (MPOB) monthly industry release
2025-06-01,po_export,1260957,tonnes,backfill-84,Malaysian Palm Oil Board (MPOB) monthly industry release
2025-06-01,po_import,69715,tonnes,backfill-84,Malaysian Palm Oil Board (MPOB) monthly industry release
2025-06-01,processed_po_stock,989481,tonnes,bepi,Malaysian Palm Oil Board (MPOB) monthly industry release
2025-06-01,total_po_stock,2031249,tonnes,backfill-84,Malaysian Palm Oil Board (MPOB) monthly industry release
2025-07-01,cpko_production,218239,tonnes,backfill-84,Malaysian Palm Oil Board (MPOB) monthly industry release
2025-07-01,cpo_production,1812467,tonnes,backfill-84,Malaysian Palm Oil Board (MPOB) monthly industry release
2025-07-01,cpo_stock,1020883,tonnes,bepi,Malaysian Palm Oil Board (MPOB) monthly industry release
2025-07-01,ffb_price,44.79,RM,backfill-84,Malaysian Palm Oil Board (MPOB) monthly industry release
2025-07-01,pk_production,431615,tonnes,backfill-84,Malaysian Palm Oil Board (MPOB) monthly industry release
2025-07-01,pkc_production,238511,tonnes,backfill-84,Malaysian Palm Oil Board (MPOB) monthly industry release
2025-07-01,pko_stock,321019,tonnes,backfill-84,Malaysian Palm Oil Board (MPOB) monthly industry release
2025-07-01,po_export,1328547,tonnes,backfill-84,Malaysian Palm Oil Board (MPOB) monthly industry release
2025-07-01,po_import,61039,tonnes,backfill-84,Malaysian Palm Oil Board (MPOB) monthly industry release
2025-07-01,processed_po_stock,1092998,tonnes,bepi,Malaysian Palm Oil Board (MPOB) monthly industry release
2025-07-01,total_po_stock,2113881,tonnes,backfill-84,Malaysian Palm Oil Board (MPOB) monthly industry release
2025-08-01,cpko_production,208655,tonnes,backfill-84,Malaysian Palm Oil Board (MPOB) monthly industry release
2025-08-01,cpo_production,1854756,tonnes,backfill-84,Malaysian Palm Oil Board (MPOB) monthly industry release
2025-08-01,cpo_stock,1075585,tonnes,bepi,Malaysian Palm Oil Board (MPOB) monthly industry release
2025-08-01,ffb_price,47.35,RM,backfill-84,Malaysian Palm Oil Board (MPOB) monthly industry release
2025-08-01,pk_production,443077,tonnes,backfill-84,Malaysian Palm Oil Board (MPOB) monthly industry release
2025-08-01,pkc_production,227473,tonnes,backfill-84,Malaysian Palm Oil Board (MPOB) monthly industry release
2025-08-01,pko_stock,331190,tonnes,backfill-84,Malaysian Palm Oil Board (MPOB) monthly industry release
2025-08-01,po_export,1325672,tonnes,backfill-84,Malaysian Palm Oil Board (MPOB) monthly industry release
2025-08-01,po_import,58538,tonnes,backfill-84,Malaysian Palm Oil Board (MPOB) monthly industry release
2025-08-01,processed_po_stock,1126033,tonnes,bepi,Malaysian Palm Oil Board (MPOB) monthly industry release
2025-08-01,total_po_stock,2201618,tonnes,backfill-84,Malaysian Palm Oil Board (MPOB) monthly industry release
2025-09-01,cpko_production,197197,tonnes,backfill-84,Malaysian Palm Oil Board (MPOB) monthly industry release
2025-09-01,cpo_production,1840983,tonnes,backfill-84,Malaysian Palm Oil Board (MPOB) monthly industry release
2025-09-01,cpo_stock,1264428,tonnes,bepi,Malaysian Palm Oil Board (MPOB) monthly industry release
2025-09-01,ffb_price,48.36,RM,backfill-84,Malaysian Palm Oil Board (MPOB) monthly industry release
2025-09-01,pk_production,432368,tonnes,backfill-84,Malaysian Palm Oil Board (MPOB) monthly industry release
2025-09-01,pkc_production,216465,tonnes,backfill-84,Malaysian Palm Oil Board (MPOB) monthly industry release
2025-09-01,pko_stock,289515,tonnes,backfill-84,Malaysian Palm Oil Board (MPOB) monthly industry release
2025-09-01,po_export,1427609,tonnes,backfill-84,Malaysian Palm Oil Board (MPOB) monthly industry release
2025-09-01,po_import,78413,tonnes,backfill-84,Malaysian Palm Oil Board (MPOB) monthly industry release
2025-09-01,processed_po_stock,1095144,tonnes,bepi,Malaysian Palm Oil Board (MPOB) monthly industry release
2025-09-01,total_po_stock,2359572,tonnes,backfill-84,Malaysian Palm Oil Board (MPOB) monthly industry release
2025-10-01,cpko_production,210529,tonnes,backfill-84,Malaysian Palm Oil Board (MPOB) monthly industry release
2025-10-01,cpo_production,2043886,tonnes,backfill-84,Malaysian Palm Oil Board (MPOB) monthly industry release
2025-10-01,cpo_stock,1482565,tonnes,bepi,Malaysian Palm Oil Board (MPOB) monthly industry release
2025-10-01,ffb_price,48.68,RM,backfill-84,Malaysian Palm Oil Board (MPOB) monthly industry release
2025-10-01,pk_production,477775,tonnes,backfill-84,Malaysian Palm Oil Board (MPOB) monthly industry release
2025-10-01,pkc_production,229765,tonnes,backfill-84,Malaysian Palm Oil Board (MPOB) monthly industry release
2025-10-01,pko_stock,298716,tonnes,backfill-84,Malaysian Palm Oil Board (MPOB) monthly industry release
2025-10-01,po_export,1687495,tonnes,backfill-84,Malaysian Palm Oil Board (MPOB) monthly industry release
2025-10-01,po_import,36283,tonnes,backfill-84,Malaysian Palm Oil Board (MPOB) monthly industry release
2025-10-01,processed_po_stock,1025831,tonnes,bepi,Malaysian Palm Oil Board (MPOB) monthly industry release
2025-10-01,total_po_stock,2508396,tonnes,backfill-84,Malaysian Palm Oil Board (MPOB) monthly industry release
2025-11-01,cpko_production,207679,tonnes,backfill-84,Malaysian Palm Oil Board (MPOB) monthly industry release
2025-11-01,cpo_production,1935510,tonnes,backfill-84,Malaysian Palm Oil Board (MPOB) monthly industry release
2025-11-01,cpo_stock,1742993,tonnes,bepi,Malaysian Palm Oil Board (MPOB) monthly industry release
2025-11-01,ffb_price,44.75,RM,backfill-84,Malaysian Palm Oil Board (MPOB) monthly industry release
2025-11-01,pk_production,442266,tonnes,backfill-84,Malaysian Palm Oil Board (MPOB) monthly industry release
2025-11-01,pkc_production,225357,tonnes,backfill-84,Malaysian Palm Oil Board (MPOB) monthly industry release
2025-11-01,pko_stock,314840,tonnes,backfill-84,Malaysian Palm Oil Board (MPOB) monthly industry release
2025-11-01,po_export,1212814,tonnes,backfill-84,Malaysian Palm Oil Board (MPOB) monthly industry release
2025-11-01,po_import,23176,tonnes,backfill-84,Malaysian Palm Oil Board (MPOB) monthly industry release
2025-11-01,processed_po_stock,1092585,tonnes,bepi,Malaysian Palm Oil Board (MPOB) monthly industry release
2025-11-01,total_po_stock,2835439,tonnes,backfill-84,Malaysian Palm Oil Board (MPOB) monthly industry release
2025-12-01,cpko_production,209838,tonnes,backfill-84,Malaysian Palm Oil Board (MPOB) monthly industry release
2025-12-01,cpo_production,1829549,tonnes,backfill-84,Malaysian Palm Oil Board (MPOB) monthly industry release
2025-12-01,cpo_stock,1821781,tonnes,bepi,Malaysian Palm Oil Board (MPOB) monthly industry release
2025-12-01,ffb_price,43.79,RM,backfill-84,Malaysian Palm Oil Board (MPOB) monthly industry release
2025-12-01,pk_production,434616,tonnes,backfill-84,Malaysian Palm Oil Board (MPOB) monthly industry release
2025-12-01,pkc_production,229985,tonnes,backfill-84,Malaysian Palm Oil Board (MPOB) monthly industry release
2025-12-01,pko_stock,329746,tonnes,backfill-84,Malaysian Palm Oil Board (MPOB) monthly industry release
2025-12-01,po_export,1331850,tonnes,backfill-84,Malaysian Palm Oil Board (MPOB) monthly industry release
2025-12-01,po_import,33292,tonnes,backfill-84,Malaysian Palm Oil Board (MPOB) monthly industry release
2025-12-01,processed_po_stock,1229366,tonnes,bepi,Malaysian Palm Oil Board (MPOB) monthly industry release
2025-12-01,total_po_stock,3051147,tonnes,backfill-84,Malaysian Palm Oil Board (MPOB) monthly industry release
2026-01-01,cpko_production,197680,tonnes,backfill-84,Malaysian Palm Oil Board (MPOB) monthly industry release
2026-01-01,cpo_production,1576683,tonnes,backfill-84,Malaysian Palm Oil Board (MPOB) monthly industry release
2026-01-01,cpo_stock,1672136,tonnes,bepi,Malaysian Palm Oil Board (MPOB) monthly industry release
2026-01-01,ffb_price,43.75,RM,backfill-84,Malaysian Palm Oil Board (MPOB) monthly industry release
2026-01-01,pk_production,377480,tonnes,backfill-84,Malaysian Palm Oil Board (MPOB) monthly industry release
2026-01-01,pkc_production,214820,tonnes,backfill-84,Malaysian Palm Oil Board (MPOB) monthly industry release
2026-01-01,pko_stock,403819,tonnes,backfill-84,Malaysian Palm Oil Board (MPOB) monthly industry release
2026-01-01,po_export,1453143,tonnes,backfill-84,Malaysian Palm Oil Board (MPOB) monthly industry release
2026-01-01,po_import,37224,tonnes,backfill-84,Malaysian Palm Oil Board (MPOB) monthly industry release
2026-01-01,processed_po_stock,1142713,tonnes,bepi,Malaysian Palm Oil Board (MPOB) monthly industry release
2026-01-01,total_po_stock,2814849,tonnes,backfill-84,Malaysian Palm Oil Board (MPOB) monthly industry release
2026-02-01,cpko_production,145716,tonnes,backfill-84,Malaysian Palm Oil Board (MPOB) monthly industry release
2026-02-01,cpo_production,1284268,tonnes,backfill-84,Malaysian Palm Oil Board (MPOB) monthly industry release
2026-02-01,cpo_stock,1476835,tonnes,bepi,Malaysian Palm Oil Board (MPOB) monthly industry release
2026-02-01,ffb_price,44.69,RM,backfill-84,Malaysian Palm Oil Board (MPOB) monthly industry release
2026-02-01,pk_production,303962,tonnes,backfill-84,Malaysian Palm Oil Board (MPOB) monthly industry release
2026-02-01,pkc_production,158237,tonnes,backfill-84,Malaysian Palm Oil Board (MPOB) monthly industry release
2026-02-01,pko_stock,376334,tonnes,backfill-84,Malaysian Palm Oil Board (MPOB) monthly industry release
2026-02-01,po_export,1075944,tonnes,backfill-84,Malaysian Palm Oil Board (MPOB) monthly industry release
2026-02-01,po_import,76276,tonnes,backfill-84,Malaysian Palm Oil Board (MPOB) monthly industry release
2026-02-01,processed_po_stock,1226686,tonnes,bepi,Malaysian Palm Oil Board (MPOB) monthly industry release
2026-02-01,total_po_stock,2703521,tonnes,backfill-84,Malaysian Palm Oil Board (MPOB) monthly industry release
2026-03-01,cpko_production,162127,tonnes,backfill-84,Malaysian Palm Oil Board (MPOB) monthly industry release
2026-03-01,cpo_production,1376849,tonnes,backfill-84,Malaysian Palm Oil Board (MPOB) monthly industry release
2026-03-01,cpo_stock,1257331,tonnes,bepi,Malaysian Palm Oil Board (MPOB) monthly industry release
2026-03-01,ffb_price,47.77,RM,backfill-84,Malaysian Palm Oil Board (MPOB) monthly industry release
2026-03-01,pk_production,325320,tonnes,backfill-84,Malaysian Palm Oil Board (MPOB) monthly industry release
2026-03-01,pkc_production,176406,tonnes,backfill-84,Malaysian Palm Oil Board (MPOB) monthly industry release
2026-03-01,pko_stock,340429,tonnes,backfill-84,Malaysian Palm Oil Board (MPOB) monthly industry release
2026-03-01,po_export,1509953,tonnes,backfill-84,Malaysian Palm Oil Board (MPOB) monthly industry release
2026-03-01,po_import,66801,tonnes,backfill-84,Malaysian Palm Oil Board (MPOB) monthly industry release
2026-03-01,processed_po_stock,1013243,tonnes,bepi,Malaysian Palm Oil Board (MPOB) monthly industry release
2026-03-01,total_po_stock,2270574,tonnes,backfill-84,Malaysian Palm Oil Board (MPOB) monthly industry release
2026-04-01,cpko_production,192268,tonnes,backfill-84,Malaysian Palm Oil Board (MPOB) monthly industry release
2026-04-01,cpo_production,1629801,tonnes,backfill-84,Malaysian Palm Oil Board (MPOB) monthly industry release
2026-04-01,cpo_stock,1264333,tonnes,bepi,Malaysian Palm Oil Board (MPOB) monthly industry release
2026-04-01,ffb_price,50.55,RM,backfill-84,Malaysian Palm Oil Board (MPOB) monthly industry release
2026-04-01,pk_production,390124,tonnes,backfill-84,Malaysian Palm Oil Board (MPOB) monthly industry release
2026-04-01,pkc_production,214403,tonnes,backfill-84,Malaysian Palm Oil Board (MPOB) monthly industry release
2026-04-01,pko_stock,335236,tonnes,backfill-84,Malaysian Palm Oil Board (MPOB) monthly industry release
2026-04-01,po_export,1292568,tonnes,backfill-84,Malaysian Palm Oil Board (MPOB) monthly industry release
2026-04-01,po_import,75846,tonnes,backfill-84,Malaysian Palm Oil Board (MPOB) monthly industry release
2026-04-01,processed_po_stock,1044611,tonnes,bepi,Malaysian Palm Oil Board (MPOB) monthly industry release
2026-04-01,total_po_stock,2308944,tonnes,backfill-84,Malaysian Palm Oil Board (MPOB) monthly industry release
2026-05-01,biodiesel_export,41361,tonnes,revised,Malaysian Palm Oil Board (MPOB) monthly industry release
2026-05-01,cpko_production,174871,tonnes,revised,Malaysian Palm Oil Board (MPOB) monthly industry release
2026-05-01,cpo_import,0,tonnes,revised,Malaysian Palm Oil Board (MPOB) monthly industry release
2026-05-01,cpo_production,1516327,tonnes,revised,Malaysian Palm Oil Board (MPOB) monthly industry release
2026-05-01,cpo_stock,1284544,tonnes,revised,Malaysian Palm Oil Board (MPOB) monthly industry release
2026-05-01,ffb_price,49.53,RM,revised,Malaysian Palm Oil Board (MPOB) monthly industry release
2026-05-01,oleochemical_export,255673,tonnes,revised,Malaysian Palm Oil Board (MPOB) monthly industry release
2026-05-01,pk_production,352697,tonnes,revised,Malaysian Palm Oil Board (MPOB) monthly industry release
2026-05-01,pkc_export,177880,tonnes,revised,Malaysian Palm Oil Board (MPOB) monthly industry release
2026-05-01,pkc_production,193362,tonnes,revised,Malaysian Palm Oil Board (MPOB) monthly industry release
2026-05-01,pko_export,85983,tonnes,revised,Malaysian Palm Oil Board (MPOB) monthly industry release
2026-05-01,pko_stock,329793,tonnes,revised,Malaysian Palm Oil Board (MPOB) monthly industry release
2026-05-01,po_export,1133879,tonnes,revised,Malaysian Palm Oil Board (MPOB) monthly industry release
2026-05-01,po_import,43816,tonnes,revised,Malaysian Palm Oil Board (MPOB) monthly industry release
2026-05-01,processed_po_stock,1143399,tonnes,revised,Malaysian Palm Oil Board (MPOB) monthly industry release
2026-05-01,total_po_stock,2427943,tonnes,revised,Malaysian Palm Oil Board (MPOB) monthly industry release
2026-06-01,biodiesel_export,4817,tonnes,revised,Malaysian Palm Oil Board (MPOB) monthly industry release
2026-06-01,cpko_production,174071,tonnes,revised,Malaysian Palm Oil Board (MPOB) monthly industry release
2026-06-01,cpo_import,0,tonnes,revised,Malaysian Palm Oil Board (MPOB) monthly industry release
2026-06-01,cpo_production,1638796,tonnes,revised,Malaysian Palm Oil Board (MPOB) monthly industry release
2026-06-01,cpo_stock,1332821,tonnes,revised,Malaysian Palm Oil Board (MPOB) monthly industry release
2026-06-01,ffb_price,48.9,RM,revised,Malaysian Palm Oil Board (MPOB) monthly industry release
2026-06-01,oleochemical_export,225098,tonnes,revised,Malaysian Palm Oil Board (MPOB) monthly industry release
2026-06-01,pk_production,381486,tonnes,revised,Malaysian Palm Oil Board (MPOB) monthly industry release
2026-06-01,pkc_export,222887,tonnes,revised,Malaysian Palm Oil Board (MPOB) monthly industry release
2026-06-01,pkc_production,195534,tonnes,revised,Malaysian Palm Oil Board (MPOB) monthly industry release
2026-06-01,pko_export,83712,tonnes,revised,Malaysian Palm Oil Board (MPOB) monthly industry release
2026-06-01,pko_stock,338209,tonnes,revised,Malaysian Palm Oil Board (MPOB) monthly industry release
2026-06-01,po_export,1215850,tonnes,revised,Malaysian Palm Oil Board (MPOB) monthly industry release
2026-06-01,po_import,103113,tonnes,revised,Malaysian Palm Oil Board (MPOB) monthly industry release
2026-06-01,processed_po_stock,1211009,tonnes,revised,Malaysian Palm Oil Board (MPOB) monthly industry release
2026-06-01,total_po_stock,2543830,tonnes,revised,Malaysian Palm Oil Board (MPOB) monthly industry release
2026-07-01,biodiesel_export,28745,tonnes,revised,Malaysian Palm Oil Board (MPOB) monthly industry release
2026-07-01,cpko_production,199392,tonnes,revised,Malaysian Palm Oil Board (MPOB) monthly industry release
2026-07-01,cpo_import,0,tonnes,revised,Malaysian Palm Oil Board (MPOB) monthly industry release
2026-07-01,cpo_production,1792596,tonnes,revised,Malaysian Palm Oil Board (MPOB) monthly industry release
2026-07-01,cpo_stock,1428478,tonnes,revised,Malaysian Palm Oil Board (MPOB) monthly industry release
2026-07-01,ffb_price,49.5,RM,revised,Malaysian Palm Oil Board (MPOB) monthly industry release
2026-07-01,oleochemical_export,267576,tonnes,revised,Malaysian Palm Oil Board (MPOB) monthly industry release
2026-07-01,pk_production,422272,tonnes,revised,Malaysian Palm Oil Board (MPOB) monthly industry release
2026-07-01,pkc_export,203454,tonnes,revised,Malaysian Palm Oil Board (MPOB) monthly industry release
2026-07-01,pkc_production,215304,tonnes,revised,Malaysian Palm Oil Board (MPOB) monthly industry release
2026-07-01,pko_export,82261,tonnes,revised,Malaysian Palm Oil Board (MPOB) monthly industry release
2026-07-01,pko_stock,341243,tonnes,revised,Malaysian Palm Oil Board (MPOB) monthly industry release
2026-07-01,po_export,1399579,tonnes,revised,Malaysian Palm Oil Board (MPOB) monthly industry release
2026-07-01,po_import,49566,tonnes,revised,Malaysian Palm Oil Board (MPOB) monthly industry release
2026-07-01,processed_po_stock,1199420,tonnes,revised,Malaysian Palm Oil Board (MPOB) monthly industry release
2026-07-01,total_po_stock,2627898,tonnes,revised,Malaysian Palm Oil Board (MPOB) monthly industry release
2026-08-01,biodiesel_export,35240,tonnes,preliminary,Malaysian Palm Oil Board (MPOB) monthly industry release
2026-08-01,cpko_production,199589,tonnes,preliminary,Malaysian Palm Oil Board (MPOB) monthly industry release
2026-08-01,cpo_import,0,tonnes,preliminary,Malaysian Palm Oil Board (MPOB) monthly industry release
2026-08-01,cpo_production,1817499,tonnes,preliminary,Malaysian Palm Oil Board (MPOB) monthly industry release
2026-08-01,cpo_stock,1645570,tonnes,preliminary,Malaysian Palm Oil Board (MPOB) monthly industry release
2026-08-01,ffb_price,49.76,RM,preliminary,Malaysian Palm Oil Board (MPOB) monthly industry release
2026-08-01,oleochemical_export,233545,tonnes,preliminary,Malaysian Palm Oil Board (MPOB) monthly industry release
2026-08-01,pk_production,430599,tonnes,preliminary,Malaysian Palm Oil Board (MPOB) monthly industry release
2026-08-01,pkc_export,216584,tonnes,preliminary,Malaysian Palm Oil Board (MPOB) monthly industry release
2026-08-01,pkc_production,215847,tonnes,preliminary,Malaysian Palm Oil Board (MPOB) monthly industry release
2026-08-01,pko_export,112879,tonnes,preliminary,Malaysian Palm Oil Board (MPOB) monthly industry release
2026-08-01,pko_stock,339200,tonnes,preliminary,Malaysian Palm Oil Board (MPOB) monthly industry release
2026-08-01,po_export,1294664,tonnes,preliminary,Malaysian Palm Oil Board (MPOB) monthly industry release
2026-08-01,po_import,49524,tonnes,preliminary,Malaysian Palm Oil Board (MPOB) monthly industry release
2026-08-01,processed_po_stock,1178918,tonnes,preliminary,Malaysian Palm Oil Board (MPOB) monthly industry release
2026-08-01,total_po_stock,2824488,tonnes,preliminary,Malaysian Palm Oil Board (MPOB) monthly industry release
